测速日志 2026-10-09 09:18:06
速度阈值: 120KB/s
运行次数: 6
HTTPS验证: False

[2026-10-09 09:18:18] ✅ 通过阈值 HTTP测速: http://74.91.26.218:82/live/cctv1hd.m3u8
   速度: 208.98KB/s | 数据量: 0.2KB | 总耗时: 0.20s | 阈值: 120KB/s
[2026-10-09 09:18:18] ✅ 通过阈值 HTTP测速: http://74.91.26.218:82/live/cctv12hd.m3u8
   速度: 211.91KB/s | 数据量: 0.2KB | 总耗时: 0.20s | 阈值: 120KB/s
[2026-10-09 09:18:19] ✅ 通过阈值 HTTP测速: http://124.165.251.82:85/tsfile/live/0012_1.m3u8?key=txiptv&playlive=1&authid=0
   速度: 423.83KB/s | 数据量: 0.4KB | 总耗时: 0.40s | 阈值: 120KB/s
[2026-10-09 09:18:19] ✅ 通过阈值 HTTP测速: http://124.165.251.82:85/tsfile/live/0008_1.m3u8?key=txiptv&playlive=1&authid=0
   速度: 418.95KB/s | 数据量: 0.4KB | 总耗时: 0.42s | 阈值: 120KB/s
[2026-10-09 09:18:19] ✅ 通过阈值 HTTP测速: http://ali-m-l.cztv.com/channels/lantian/channel21/1080p.m3u8
   速度: 291.99KB/s | 数据量: 0.3KB | 总耗时: 0.84s | 阈值: 120KB/s
[2026-10-09 09:18:19] ✅ HTTPS测速成功: https://live.264788.xyz/channel/cctv17?streamid=348c8c0c04a6d2b900e5a3bcb4af8ce1&livekey=01WgOR41rriMmMkzNsd0UoaxJRwetZdxIvtVk
   速度: 263095.19KB/s | 数据量: 7188.8KB | 总耗时: 0.38s | 证书: 有效
[2026-10-09 09:18:19] ✅ HTTPS测速成功: https://live.264788.xyz/channel/huaijiujuchang?streamid=7e5d1abdddde08f588234f3f640f75ff&livekey=01WgOR41rriMmMkzNsd0UoaxJRwetZdxIvtVk
   速度: 205797.60KB/s | 数据量: 7188.8KB | 总耗时: 0.42s | 证书: 有效
[2026-10-09 09:18:19] ✅ HTTPS测速成功: https://live.264788.xyz/channel/diyijuchang?streamid=e9b0fb1ca135a4aeae12944494883794&livekey=01WgOR41rriMmMkzNsd0UoaxJRwetZdxIvtVk
   速度: 212126.07KB/s | 数据量: 7188.8KB | 总耗时: 0.43s | 证书: 有效
[2026-10-09 09:18:19] ✅ HTTPS测速成功: https://0472.org/hls/cgtn.m3u8
   速度: 125.98KB/s | 数据量: 0.1KB | 总耗时: 0.11s | 证书: 有效
[2026-10-09 09:18:19] ✅ HTTPS测速成功: https://0472.org/hls/cgtna.m3u8
   速度: 182.62KB/s | 数据量: 0.2KB | 总耗时: 0.10s | 证书: 有效
[2026-10-09 09:18:19] ✅ HTTPS测速成功: https://0472.org/hls/cgtnx.m3u8
   速度: 183.59KB/s | 数据量: 0.2KB | 总耗时: 0.15s | 证书: 有效
[2026-10-09 09:18:20] ✅ 通过阈值 HTTP测速: http://espanol-liveali.cgtn.com/hls/LSveOGBaBw41Ea7ukkVAUdKQ220802LSTexu6xAuFH8VZNBLE1ZNEa220802cd.m3u8
   速度: 428.71KB/s | 数据量: 0.4KB | 总耗时: 0.46s | 阈值: 120KB/s
[2026-10-09 09:18:20] ✅ 通过阈值 HTTP测速: http://english-livetx.cgtn.com/hls/yypdyyctzb_hd.m3u8
   速度: 402.34KB/s | 数据量: 0.4KB | 总耗时: 1.03s | 阈值: 120KB/s
[2026-10-09 09:18:20] ✅ HTTPS测速成功: https://live.264788.xyz/channel/bingqikeji?streamid=530cb4e58bbc48b7fc26f5e0a2e47966&livekey=01WgOR41rriMmMkzNsd0UoaxJRwetZdxIvtVk
   速度: 284176.92KB/s | 数据量: 7188.8KB | 总耗时: 0.17s | 证书: 有效
[2026-10-09 09:18:20] ✅ HTTPS测速成功: https://live.264788.xyz/channel/yangshiwenhuajingpin?streamid=bc185d1ef1e528922e83efd845006277&livekey=01WgOR41rriMmMkzNsd0UoaxJRwetZdxIvtVk
   速度: 161984.86KB/s | 数据量: 7188.8KB | 总耗时: 0.22s | 证书: 有效
[2026-10-09 09:18:20] ✅ HTTPS测速成功: https://live.264788.xyz/channel/fengyunjuchang?streamid=31e7b5b7032d25dd215a4069cdee1a48&livekey=01WgOR41rriMmMkzNsd0UoaxJRwetZdxIvtVk
   速度: 287019.99KB/s | 数据量: 7188.8KB | 总耗时: 0.17s | 证书: 有效
[2026-10-09 09:18:20] ✅ 通过阈值 HTTP测速: http://218.13.170.98:9901/tsfile/live/0141_1.m3u8
   速度: 428.71KB/s | 数据量: 0.4KB | 总耗时: 0.40s | 阈值: 120KB/s
[2026-10-09 09:18:21] ✅ HTTPS测速成功: https://gcwbndali.v.myalicdn.com/gcwbnd/ipanda1000_2/index.m3u8
   速度: 382.81KB/s | 数据量: 0.4KB | 总耗时: 0.75s | 证书: 有效
[2026-10-09 09:18:21] ✅ HTTPS测速成功: https://live.264788.xyz/channel/guizhouweishi?streamid=091bd59ea031989839c23459bb8cc9d4&livekey=01WgOR41rriMmMkzNsd0UoaxJRwetZdxIvtVk
   速度: 180147.60KB/s | 数据量: 7188.8KB | 总耗时: 0.18s | 证书: 有效
[2026-10-09 09:18:21] ✅ HTTPS测速成功: https://d1t.alwaysdata.net/mgvt/%E6%A2%A8%E5%9B%AD%E9%A2%91%E9%81%93
   速度: 644.53KB/s | 数据量: 0.6KB | 总耗时: 2.50s | 证书: 有效
[2026-10-09 09:18:22] ✅ 通过阈值 HTTP测速: http://111.59.139.82:11888/tsfile/live/0139_1.m3u8?key=txiptv&playlive=1&authid=0
   速度: 428.71KB/s | 数据量: 0.4KB | 总耗时: 0.42s | 阈值: 120KB/s
[2026-10-09 09:18:22] ✅ HTTPS测速成功: https://txmov2.a.kwimgs.com/bs3/video-hls/5199687338554291078_hlsb.m3u8
   速度: 1261.14KB/s | 数据量: 106.5KB | 总耗时: 0.38s | 证书: 有效
[2026-10-09 09:18:23] ✅ 通过阈值 HTTP测速: http://live.zohi.tv/video/s10001-fztv-3/index.m3u8
   速度: 498.05KB/s | 数据量: 0.5KB | 总耗时: 3.42s | 阈值: 120KB/s
[2026-10-09 09:18:23] ✅ 通过阈值 HTTP测速: http://hlsal-ldvt.qing.mgtv.com/nn_live/nn_x64/dWlwPTEyNy4wLjAuMSZ1aWQ9cWluZy1jbXMmbm5fdGltZXpvbmU9OCZjZG5leF9pZD1hbF9obHNfbGR2dCZ1dWlkPTliODY4NmU5ZTM2YzYwMmMmZT02OTE0NjA0JnY9MSZpZD1ITldTWkdTVCZzPTcwN2RiYTc2YzJjNmJmMTQ4MmUyZGYzOWU2NWM3YWFi/HNWSZGST.m3u8
   速度: 225.59KB/s | 数据量: 0.2KB | 总耗时: 1.60s | 阈值: 120KB/s
[2026-10-09 09:18:23] ✅ HTTPS测速成功: https://live.264788.xyz/channel/jiangxiweishi?streamid=555198f31caa33506ac6abb70d788959&livekey=01WgOR41rriMmMkzNsd0UoaxJRwetZdxIvtVk
   速度: 261868.16KB/s | 数据量: 7188.8KB | 总耗时: 0.19s | 证书: 有效
[2026-10-09 09:18:24] ✅ 通过阈值 HTTP测速: http://112.27.5.218:9901/tsfile/live/faacts/0138_1.m3u8?key=txiptv&playlive=1&authid=0
   速度: 290.04KB/s | 数据量: 0.3KB | 总耗时: 0.37s | 阈值: 120KB/s
[2026-10-09 09:18:24] ✅ HTTPS测速成功: https://live.264788.xyz/channel/ningxiaweishi?streamid=e1236348f815c36a0429357e5b5c5f10&livekey=01WgOR41rriMmMkzNsd0UoaxJRwetZdxIvtVk
   速度: 156030.03KB/s | 数据量: 7188.8KB | 总耗时: 0.27s | 证书: 有效
[2026-10-09 09:18:24] ✅ 通过阈值 HTTP测速: http://61.136.172.236:9901/tsfile/live/0121_1.m3u8?key=txiptv&playlive=1&authid=0
   速度: 428.71KB/s | 数据量: 0.4KB | 总耗时: 0.42s | 阈值: 120KB/s
[2026-10-09 09:18:24] ✅ 通过阈值 HTTP测速: http://hlsal-ldvt.qing.mgtv.com/nn_live/nn_x64/Y2RuZXhfaWQ9YWxfaGxzX2xkdnQmZT02OTE0NjA0JnY9MSZpZD1ITldTWkdTVCZzPTcwN2RiYTc2YzJjNmJmMTQ4MmUyZGYzOWU2NWM3YWFi/HNWSZGST.m3u8
   速度: 225.59KB/s | 数据量: 0.2KB | 总耗时: 2.37s | 阈值: 120KB/s
[2026-10-09 09:18:24] ✅ HTTPS测速成功: https://live.264788.xyz/channel/shanxiweishi?streamid=eeb7d60ca6e0db131ea7a092a3cd28d2&livekey=01WgOR41rriMmMkzNsd0UoaxJRwetZdxIvtVk
   速度: 275733.63KB/s | 数据量: 7188.8KB | 总耗时: 0.16s | 证书: 有效
[2026-10-09 09:18:25] ✅ HTTPS测速成功: https://live.264788.xyz/channel/shaanxiweishi?streamid=9dc887dba8ecb4e4143baf4f2373800c&livekey=01WgOR41rriMmMkzNsd0UoaxJRwetZdxIvtVk
   速度: 218946.69KB/s | 数据量: 7188.8KB | 总耗时: 0.15s | 证书: 有效
[2026-10-09 09:18:25] ✅ 通过阈值 HTTP测速: http://38.64.72.148:80/hls/modn/list/4007/playlist.m3u8
   速度: 227.54KB/s | 数据量: 0.2KB | 总耗时: 0.03s | 阈值: 120KB/s
[2026-10-09 09:18:25] ✅ 通过阈值 HTTP测速: http://gmxw.7766.org:808/hls/40/index.m3u8
   速度: 233.40KB/s | 数据量: 0.2KB | 总耗时: 5.22s | 阈值: 120KB/s
[2026-10-09 09:18:25] ✅ 通过阈值 HTTP测速: http://gmxw.7766.org:808/hls/102/index.m3u8
   速度: 233.40KB/s | 数据量: 0.2KB | 总耗时: 6.88s | 阈值: 120KB/s
[2026-10-09 09:18:25] ✅ 通过阈值 HTTP测速: http://gmxw.7766.org:808/hls/96/index.m3u8
   速度: 243.16KB/s | 数据量: 0.2KB | 总耗时: 6.89s | 阈值: 120KB/s
[2026-10-09 09:18:25] ✅ 通过阈值 HTTP测速: http://gmxw.7766.org:808/hls/169/index.m3u8
   速度: 239.26KB/s | 数据量: 0.2KB | 总耗时: 6.89s | 阈值: 120KB/s
[2026-10-09 09:18:25] ✅ 通过阈值 HTTP测速: http://gmxw.7766.org:808/hls/45/index.m3u8
   速度: 238.28KB/s | 数据量: 0.2KB | 总耗时: 0.54s | 阈值: 120KB/s
[2026-10-09 09:18:25] ✅ 通过阈值 HTTP测速: http://gmxw.7766.org:808/hls/93/index.m3u8
   速度: 243.16KB/s | 数据量: 0.2KB | 总耗时: 6.90s | 阈值: 120KB/s
[2026-10-09 09:18:25] ✅ HTTPS测速成功: https://live.264788.xyz/channel/sichuanweishi4k?streamid=21be5901ee81559c827dc84e46f26452&livekey=01WgOR41rriMmMkzNsd0UoaxJRwetZdxIvtVk
   速度: 201828.88KB/s | 数据量: 7188.8KB | 总耗时: 0.18s | 证书: 有效
[2026-10-09 09:18:25] ✅ HTTPS测速成功: https://hls-qhmh.lanzhousobey.cn/qhmh/mhds.m3u8
   速度: 299.80KB/s | 数据量: 0.3KB | 总耗时: 0.81s | 证书: 有效
[2026-10-09 09:18:25] ✅ HTTPS测速成功: https://live.264788.xyz/channel/xinjiangweishi?streamid=4f481f56ae39ce5d24203471de9df635&livekey=01WgOR41rriMmMkzNsd0UoaxJRwetZdxIvtVk
   速度: 227744.64KB/s | 数据量: 7188.8KB | 总耗时: 0.14s | 证书: 有效
[2026-10-09 09:18:25] ✅ HTTPS测速成功: https://live.264788.xyz/channel/xizangweishi?streamid=4b4e8ea919f1cfd5e43deed1d1675251&livekey=01WgOR41rriMmMkzNsd0UoaxJRwetZdxIvtVk
   速度: 215875.82KB/s | 数据量: 7188.8KB | 总耗时: 0.16s | 证书: 有效
[2026-10-09 09:18:25] ✅ 通过阈值 HTTP测速: http://112.27.5.218:9901/tsfile/live/0111_1.m3u8?key=txiptv&playlive=1&authid=0
   速度: 428.71KB/s | 数据量: 0.4KB | 总耗时: 0.33s | 阈值: 120KB/s
[2026-10-09 09:18:26] ✅ 通过阈值 HTTP测速: http://218.84.12.186:8001/hls/main/playlist.m3u8?zxinjd;http://218.84.12.186:8001/hls/main/playlist.m3u8zxinjd
   速度: 326.17KB/s | 数据量: 0.3KB | 总耗时: 0.52s | 阈值: 120KB/s
[2026-10-09 09:18:26] ✅ 通过阈值 HTTP测速: http://119.39.9.8:9901/tsfile/live/0118_1.m3u8
   速度: 2038.09KB/s | 数据量: 2.0KB | 总耗时: 1.72s | 阈值: 120KB/s
[2026-10-09 09:18:26] ✅ HTTPS测速成功: https://vd2.bdstatic.com/mda-sctj0f96cn79js4n/1080p/cae_h264/1774710384405617311/mda-sctj0f96cn79js4n.mp4
   速度: 612.01KB/s | 数据量: 3072.0KB | 总耗时: 5.26s | 证书: 有效
[2026-10-09 09:18:26] ✅ 通过阈值 HTTP测速: http://ali-m-l.cztv.com/channels/lantian/channel001/1080p.m3u8
   速度: 291.99KB/s | 数据量: 0.3KB | 总耗时: 0.53s | 阈值: 120KB/s
[2026-10-09 09:18:26] ✅ 通过阈值 HTTP测速: http://ali-m-l.cztv.com/channels/lantian/channel01/1080p.m3u8
   速度: 289.06KB/s | 数据量: 0.3KB | 总耗时: 0.44s | 阈值: 120KB/s
[2026-10-09 09:18:26] ✅ HTTPS测速成功: https://live.264788.xyz/channel/neimengguweishi?streamid=81a015dbecf3031d7d847b7a9b059f67&livekey=01WgOR41rriMmMkzNsd0UoaxJRwetZdxIvtVk
   速度: 185887.23KB/s | 数据量: 7188.8KB | 总耗时: 0.17s | 证书: 有效
[2026-10-09 09:18:26] ✅ HTTPS测速成功: https://txmov2.a.kwimgs.com/upic/2023/01/26/09/BMjAyMzAxMjYwOTE3NDVfNzM5MzQzNzIyXzk0NjI1OTUwNTA3XzBfMw==_b_B81ddda927d33445d544befd008e60109.mp4
   速度: 29152.72KB/s | 数据量: 147456.0KB | 总耗时: 5.34s | 证书: 有效
[2026-10-09 09:18:26] ✅ 通过阈值 HTTP测速: http://61.136.172.236:9901/tsfile/live/0143_1.m3u8?key=txiptv&playlive=1&authid=0
   速度: 428.71KB/s | 数据量: 0.4KB | 总耗时: 0.47s | 阈值: 120KB/s
[2026-10-09 09:18:26] ✅ 通过阈值 HTTP测速: http://38.64.72.148:80/hls/modn/list/4009/playlist.m3u8
   速度: 227.54KB/s | 数据量: 0.2KB | 总耗时: 0.02s | 阈值: 120KB/s
[2026-10-09 09:18:26] ✅ 通过阈值 HTTP测速: http://38.64.72.148:80/hls/modn/list/4009/chunklist0.m3u8
   速度: 397.46KB/s | 数据量: 0.4KB | 总耗时: 0.02s | 阈值: 120KB/s
[2026-10-09 09:18:26] ✅ 通过阈值 HTTP测速: http://38.64.72.148/hls/modn/list/4009/playlist.m3u8
   速度: 227.54KB/s | 数据量: 0.2KB | 总耗时: 0.02s | 阈值: 120KB/s
[2026-10-09 09:18:26] 🚫 未达阈值 HTTP测速: http://222.128.55.152:9080/live/dwq.m3u8
   速度: 0.44KB/s | 数据量: 0.1KB | 总耗时: 0.60s | 阈值: 120KB/s
[2026-10-09 09:18:26] ✅ HTTPS测速成功: https://ali-m-l.cztv.com/channels/lantian/channel001/1080p.m3u8
   速度: 291.99KB/s | 数据量: 0.3KB | 总耗时: 0.54s | 证书: 有效
[2026-10-09 09:18:26] 🚫 未达阈值 HTTP测速: http://61.216.67.119:1935/bltvhd/bltv1/chunklist_w1266569526.m3u
   速度: 4.32KB/s | 数据量: 0.6KB | 总耗时: 0.41s | 阈值: 120KB/s
[2026-10-09 09:18:27] ✅ 通过阈值 HTTP测速: http://play1-qk.nmtv.cn/live/1769652018126032.m3u8
   速度: 322.27KB/s | 数据量: 0.3KB | 总耗时: 1.11s | 阈值: 120KB/s
[2026-10-09 09:18:27] ✅ HTTPS测速成功: https://5ddce30eb4b55.streamlock.net/bltvhd/bltv1/chunklist_w511254805.m3u8
   速度: 574.22KB/s | 数据量: 0.6KB | 总耗时: 0.59s | 证书: 有效
[2026-10-09 09:18:28] ✅ HTTPS测速成功: https://liveout.xntv.tv/a65jur/96iln2.m3u8
   速度: 265.62KB/s | 数据量: 0.3KB | 总耗时: 0.94s | 证书: 有效
[2026-10-09 09:18:28] ✅ HTTPS测速成功: https://test1.live.sdetv.com.cn/live/dianshizhibo/playlist.m3u8
   速度: 207.03KB/s | 数据量: 0.2KB | 总耗时: 0.95s | 证书: 有效
[2026-10-09 09:18:28] ✅ HTTPS测速成功: https://tylive.kan0512.com/norecord/csztv4k_4k.m3u8
   速度: 377.93KB/s | 数据量: 0.4KB | 总耗时: 0.83s | 证书: 有效
[2026-10-09 09:18:28] ✅ 通过阈值 HTTP测速: http://jsmov2.a.yximgs.com/bs3/video-hls/5232901391302199073_hlsb.m3u8
   速度: 58738.28KB/s | 数据量: 58.7KB | 总耗时: 0.47s | 阈值: 120KB/s
[2026-10-09 09:18:28] ✅ HTTPS测速成功: https://srs.iyb983.cn/video/CYS/index.m3u8
   速度: 513.67KB/s | 数据量: 0.5KB | 总耗时: 0.47s | 证书: 有效
[2026-10-09 09:18:28] ✅ HTTPS测速成功: https://srs.iyb983.cn:443/video/CYS/index.m3u8
   速度: 513.67KB/s | 数据量: 0.5KB | 总耗时: 0.48s | 证书: 有效
[2026-10-09 09:18:28] ✅ 通过阈值 HTTP测速: http://jsmov2.a.yximgs.com/bs3/video-hls/5250634317044855747_hlsb.m3u8
   速度: 304.81KB/s | 数据量: 61.4KB | 总耗时: 1.28s | 阈值: 120KB/s
[2026-10-09 09:18:28] ✅ 通过阈值 HTTP测速: http://jsmov2.a.yximgs.com/bs3/video-hls/5216294367991385255_hlsb.m3u8
   速度: 368.79KB/s | 数据量: 67.6KB | 总耗时: 0.58s | 阈值: 120KB/s
[2026-10-09 09:18:29] ✅ HTTPS测速成功: https://vip.ffzy-play7.com/20230112/11082_fde1a94d/index.m3u8
   速度: 397.46KB/s | 数据量: 0.4KB | 总耗时: 1.94s | 证书: 有效
[2026-10-09 09:18:30] ✅ HTTPS测速成功: https://vip.ffzy-play.com/20221018/1951_47e1adc8/index.m3u8
   速度: 397.46KB/s | 数据量: 0.4KB | 总耗时: 1.66s | 证书: 有效
[2026-10-09 09:18:30] ✅ 通过阈值 HTTP测速: http://stream.hrbtv.net/yspd/sd/live.m3u8?zheild
   速度: 355.47KB/s | 数据量: 0.4KB | 总耗时: 0.55s | 阈值: 120KB/s
[2026-10-09 09:18:30] ✅ HTTPS测速成功: https://vip.ffzy-play.com/20221018/1953_2d6ba500/index.m3u8
   速度: 397.46KB/s | 数据量: 0.4KB | 总耗时: 2.16s | 证书: 有效
[2026-10-09 09:18:30] ✅ 通过阈值 HTTP测速: http://hls.nntv.cn/nnlive/YSYL_244.m3u8
   速度: 232.42KB/s | 数据量: 0.2KB | 总耗时: 1.90s | 阈值: 120KB/s
[2026-10-09 09:18:34] ✅ HTTPS测速成功: https://live.metshop.top/huya/11342424
   速度: 401.33KB/s | 数据量: 2048.0KB | 总耗时: 5.94s | 证书: 有效
[2026-10-09 09:18:35] ✅ HTTPS测速成功: https://live.metshop.top/huya/29982675
   速度: 353.90KB/s | 数据量: 2048.0KB | 总耗时: 6.43s | 证书: 有效
[2026-10-09 09:18:36] ✅ HTTPS测速成功: https://live.metshop.top/huya/23734246
   速度: 280.60KB/s | 数据量: 2048.0KB | 总耗时: 8.74s | 证书: 有效
[2026-10-09 09:18:36] ✅ HTTPS测速成功: https://live.metshop.top/huya/11342412
   速度: 933.13KB/s | 数据量: 5120.0KB | 总耗时: 6.45s | 证书: 有效
[2026-10-09 09:18:36] ✅ HTTPS测速成功: https://live.metshop.top/huya/23865161
   速度: 609.07KB/s | 数据量: 3072.0KB | 总耗时: 6.15s | 证书: 有效
[2026-10-09 09:18:37] ✅ HTTPS测速成功: https://live.metshop.top/huya/29465853
   速度: 548.68KB/s | 数据量: 3072.0KB | 总耗时: 6.53s | 证书: 有效
[2026-10-09 09:18:37] ✅ HTTPS测速成功: https://live.metshop.top/huya/29465852
   速度: 529.26KB/s | 数据量: 4096.0KB | 总耗时: 9.02s | 证书: 有效
[2026-10-09 09:18:37] ✅ HTTPS测速成功: https://vip.ffzy-play6.com/20221019/157_bf0740ee/index.m3u8
   速度: 397.46KB/s | 数据量: 0.4KB | 总耗时: 1.79s | 证书: 有效
[2026-10-09 09:18:38] ✅ HTTPS测速成功: https://live.metshop.top/huya/29465856
   速度: 393.90KB/s | 数据量: 3072.0KB | 总耗时: 9.51s | 证书: 有效
[2026-10-09 09:18:38] ✅ HTTPS测速成功: https://live.metshop.top/huya/11352941
   速度: 353.30KB/s | 数据量: 3072.0KB | 总耗时: 9.47s | 证书: 有效
[2026-10-09 09:18:39] ✅ HTTPS测速成功: https://live.metshop.top/huya/29465850
   速度: 615.31KB/s | 数据量: 4096.0KB | 总耗时: 8.49s | 证书: 有效
[2026-10-09 09:18:40] ✅ HTTPS测速成功: https://vip.ffzy-play1.com/20221018/478_c3afed66/index.m3u8
   速度: 397.46KB/s | 数据量: 0.4KB | 总耗时: 1.63s | 证书: 有效
[2026-10-09 09:18:43] ✅ HTTPS测速成功: https://vip.ffzy-online.com/20221015/719_80ff87c2/index.m3u8
   速度: 397.46KB/s | 数据量: 0.4KB | 总耗时: 1.63s | 证书: 有效
[2026-10-09 09:18:44] ✅ HTTPS测速成功: https://live.metshop.top/huya/29465849
   速度: 1085.13KB/s | 数据量: 6144.0KB | 总耗时: 7.70s | 证书: 有效
[2026-10-09 09:18:44] ✅ HTTPS测速成功: https://live.metshop.top/huya/29465848
   速度: 276.85KB/s | 数据量: 2048.0KB | 总耗时: 8.27s | 证书: 有效
[2026-10-09 09:18:44] ✅ HTTPS测速成功: https://live.metshop.top/huya/23824164
   速度: 815.33KB/s | 数据量: 5120.0KB | 总耗时: 7.91s | 证书: 有效
[2026-10-09 09:18:45] ✅ HTTPS测速成功: https://vip.ffzy-online.com/20221015/722_e32c42bc/index.m3u8
   速度: 397.46KB/s | 数据量: 0.4KB | 总耗时: 1.64s | 证书: 有效
[2026-10-09 09:18:46] ✅ HTTPS测速成功: https://live.metshop.top/huya/11342428
   速度: 272.65KB/s | 数据量: 3072.0KB | 总耗时: 12.13s | 证书: 有效
[2026-10-09 09:18:46] ✅ HTTPS测速成功: https://live.metshop.top/huya/21059581
   速度: 334.03KB/s | 数据量: 3072.0KB | 总耗时: 9.62s | 证书: 有效
[2026-10-09 09:18:46] ✅ HTTPS测速成功: https://live.metshop.top/huya/21059574
   速度: 251.28KB/s | 数据量: 2048.0KB | 总耗时: 8.74s | 证书: 有效
[2026-10-09 09:18:47] ✅ HTTPS测速成功: https://live.metshop.top/huya/21059577
   速度: 325.88KB/s | 数据量: 3072.0KB | 总耗时: 9.86s | 证书: 有效
[2026-10-09 09:18:50] ✅ HTTPS测速成功: https://live.metshop.top/huya/11342386
   速度: 179.09KB/s | 数据量: 2048.0KB | 总耗时: 12.30s | 证书: 有效
[2026-10-09 09:18:50] ✅ HTTPS测速成功: https://live.metshop.top/huya/29465855
   速度: 202.37KB/s | 数据量: 2048.0KB | 总耗时: 11.49s | 证书: 有效
[2026-10-09 09:18:50] ✅ HTTPS测速成功: https://live.metshop.top/huya/30080233
   速度: 359.43KB/s | 数据量: 2048.0KB | 总耗时: 6.60s | 证书: 有效
[2026-10-09 09:18:51] ✅ HTTPS测速成功: https://ali-m-l.cztv.com/channels/lantian/channel004/1080p.m3u8
   速度: 291.99KB/s | 数据量: 0.3KB | 总耗时: 0.73s | 证书: 有效
[2026-10-09 09:18:52] ✅ 通过阈值 HTTP测速: http://ali-m-l.cztv.com/channels/lantian/channel04/1080p.m3u8
   速度: 288.09KB/s | 数据量: 0.3KB | 总耗时: 0.58s | 阈值: 120KB/s
[2026-10-09 09:18:52] ✅ HTTPS测速成功: https://live.metshop.top/huya/11342421
   速度: 562.09KB/s | 数据量: 4096.0KB | 总耗时: 7.72s | 证书: 有效
[2026-10-09 09:18:53] ✅ HTTPS测速成功: https://live.metshop.top/huya/11342390
   速度: 123.18KB/s | 数据量: 1024.0KB | 总耗时: 8.73s | 证书: 有效
[2026-10-09 09:18:53] ✅ HTTPS测速成功: https://live.metshop.top/huya/21059579
   速度: 646.77KB/s | 数据量: 5120.0KB | 总耗时: 8.33s | 证书: 有效
[2026-10-09 09:18:54] ✅ HTTPS测速成功: https://live.metshop.top/huya/29465854
   速度: 928.18KB/s | 数据量: 6144.0KB | 总耗时: 7.59s | 证书: 有效
[2026-10-09 09:18:54] ✅ HTTPS测速成功: https://live.metshop.top/huya/11342427
   速度: 297.31KB/s | 数据量: 2048.0KB | 总耗时: 7.49s | 证书: 有效
[2026-10-09 09:18:56] ✅ HTTPS测速成功: https://live.metshop.top/huya/11601968
   速度: 344.97KB/s | 数据量: 3072.0KB | 总耗时: 9.32s | 证书: 有效
[2026-10-09 09:18:56] ✅ HTTPS测速成功: https://live.metshop.top/huya/23863804
   速度: 276.76KB/s | 数据量: 2048.0KB | 总耗时: 9.00s | 证书: 有效
[2026-10-09 09:18:56] ✅ HTTPS测速成功: https://live.metshop.top/huya/29465851
   速度: 601.19KB/s | 数据量: 3072.0KB | 总耗时: 6.57s | 证书: 有效
[2026-10-09 09:18:58] ✅ HTTPS测速成功: https://live.metshop.top/huya/23903123
   速度: 323.17KB/s | 数据量: 2048.0KB | 总耗时: 7.45s | 证书: 有效
[2026-10-09 09:18:59] ✅ HTTPS测速成功: https://live.metshop.top/huya/11352935
   速度: 403.57KB/s | 数据量: 2048.0KB | 总耗时: 5.48s | 证书: 有效
[2026-10-09 09:19:00] ✅ HTTPS测速成功: https://live.metshop.top/huya/11342414
   速度: 271.76KB/s | 数据量: 2048.0KB | 总耗时: 7.98s | 证书: 有效
[2026-10-09 09:19:00] ✅ 通过阈值 HTTP测速: http://live.metshop.top/huya/880261?cdn=alicdn
   速度: 717.08KB/s | 数据量: 4096.0KB | 总耗时: 6.17s | 阈值: 120KB/s
[2026-10-09 09:19:01] ✅ HTTPS测速成功: https://live.metshop.top/huya/11602058
   速度: 537.15KB/s | 数据量: 4096.0KB | 总耗时: 8.18s | 证书: 有效
[2026-10-09 09:19:02] ✅ HTTPS测速成功: https://live.metshop.top/huya/30080229
   速度: 330.39KB/s | 数据量: 3072.0KB | 总耗时: 9.71s | 证书: 有效
[2026-10-09 09:19:02] ✅ 通过阈值 HTTP测速: http://live.metshop.top/huya/11342424?cdn=alicdn
   速度: 367.57KB/s | 数据量: 2048.0KB | 总耗时: 6.03s | 阈值: 120KB/s
[2026-10-09 09:19:03] ✅ 通过阈值 HTTP测速: http://live.metshop.top/huya/21059578?cdn=alicdn
   速度: 374.21KB/s | 数据量: 3072.0KB | 总耗时: 8.72s | 阈值: 120KB/s
[2026-10-09 09:19:03] ✅ 通过阈值 HTTP测速: http://live.metshop.top/huya/11336587?cdn=alicdn
   速度: 773.65KB/s | 数据量: 4096.0KB | 总耗时: 5.82s | 阈值: 120KB/s
[2026-10-09 09:19:06] ✅ 通过阈值 HTTP测速: http://live.metshop.top/huya/11602077?cdn=alicdn
   速度: 357.23KB/s | 数据量: 3072.0KB | 总耗时: 9.26s | 阈值: 120KB/s
[2026-10-09 09:19:06] ✅ 通过阈值 HTTP测速: http://live.metshop.top/huya/11352941?cdn=alicdn
   速度: 340.85KB/s | 数据量: 3072.0KB | 总耗时: 9.46s | 阈值: 120KB/s
[2026-10-09 09:19:06] ✅ 通过阈值 HTTP测速: http://live.metshop.top/huya/11602044?cdn=alicdn
   速度: 304.86KB/s | 数据量: 2048.0KB | 总耗时: 7.90s | 阈值: 120KB/s
[2026-10-09 09:19:08] ✅ 通过阈值 HTTP测速: http://live.metshop.top/huya/11342423?cdn=alicdn
   速度: 442.82KB/s | 数据量: 3072.0KB | 总耗时: 7.38s | 阈值: 120KB/s
[2026-10-09 09:19:08] ✅ 通过阈值 HTTP测速: http://live.metshop.top/huya/21059574?cdn=alicdn
   速度: 261.38KB/s | 数据量: 2048.0KB | 总耗时: 8.33s | 阈值: 120KB/s
[2026-10-09 09:19:09] ✅ HTTPS测速成功: https://txmov2.a.kwimgs.com/bs3/video-hls/5211790793651941963_hlsb.m3u8
   速度: 454.10KB/s | 数据量: 0.5KB | 总耗时: 0.49s | 证书: 有效
[2026-10-09 09:19:10] ✅ 通过阈值 HTTP测速: http://live.metshop.top/huya/11352974?cdn=alicdn
   速度: 389.05KB/s | 数据量: 3072.0KB | 总耗时: 8.35s | 阈值: 120KB/s
[2026-10-09 09:19:11] ✅ 通过阈值 HTTP测速: http://live.metshop.top/huya/11601977?cdn=alicdn
   速度: 302.41KB/s | 数据量: 3072.0KB | 总耗时: 10.86s | 阈值: 120KB/s
[2026-10-09 09:19:12] ✅ 通过阈值 HTTP测速: http://live.metshop.top/huya/21059599?cdn=alicdn
   速度: 353.26KB/s | 数据量: 3072.0KB | 总耗时: 9.14s | 阈值: 120KB/s
[2026-10-09 09:19:13] ✅ 通过阈值 HTTP测速: http://live.metshop.top/huya/11342429?cdn=alicdn
   速度: 189.94KB/s | 数据量: 2048.0KB | 总耗时: 11.46s | 阈值: 120KB/s
[2026-10-09 09:19:13] ✅ HTTPS测速成功: https://vip.ffzy-play7.com/20230116/11563_b9f44814/index.m3u8
   速度: 397.46KB/s | 数据量: 0.4KB | 总耗时: 1.65s | 证书: 有效
[2026-10-09 09:19:14] ✅ 通过阈值 HTTP测速: http://live.metshop.top/huya/21059585?cdn=alicdn
   速度: 311.88KB/s | 数据量: 3072.0KB | 总耗时: 10.28s | 阈值: 120KB/s
[2026-10-09 09:19:14] ✅ 通过阈值 HTTP测速: http://live.metshop.top/huya/21059587?cdn=alicdn
   速度: 697.31KB/s | 数据量: 5120.0KB | 总耗时: 8.10s | 阈值: 120KB/s
[2026-10-09 09:19:15] ✅ 通过阈值 HTTP测速: http://live.metshop.top/huya/11601971?cdn=alicdn
   速度: 328.05KB/s | 数据量: 3072.0KB | 总耗时: 9.82s | 阈值: 120KB/s
[2026-10-09 09:19:17] ✅ 通过阈值 HTTP测速: http://live.metshop.top/huya/11352884?cdn=alicdn
   速度: 317.39KB/s | 数据量: 3072.0KB | 总耗时: 10.12s | 阈值: 120KB/s
[2026-10-09 09:19:19] ✅ HTTPS测速成功: https://live.metshop.top/huya/23865142
   速度: 465.50KB/s | 数据量: 4096.0KB | 总耗时: 10.43s | 证书: 有效
[2026-10-09 09:19:19] ✅ HTTPS测速成功: https://stream.ads.ottera.tv/playlist.m3u8?network_id=595
   速度: 636.72KB/s | 数据量: 0.6KB | 总耗时: 0.32s | 证书: 有效
[2026-10-09 09:19:19] ✅ HTTPS测速成功: https://live.metshop.top/huya/11352962
   速度: 310.85KB/s | 数据量: 3072.0KB | 总耗时: 10.31s | 证书: 有效
[2026-10-09 09:19:20] ✅ HTTPS测速成功: https://live.metshop.top/huya/23863796
   速度: 931.47KB/s | 数据量: 5120.0KB | 总耗时: 6.48s | 证书: 有效
[2026-10-09 09:19:20] ✅ HTTPS测速成功: https://live.metshop.top/huya/11342435
   速度: 398.53KB/s | 数据量: 2048.0KB | 总耗时: 5.97s | 证书: 有效
[2026-10-09 09:19:20] ✅ 通过阈值 HTTP测速: http://jsmov2.a.yximgs.com/bs3/video-hls/5203346449046555193_hlsb.m3u8
   速度: 390.31KB/s | 数据量: 71.3KB | 总耗时: 0.56s | 阈值: 120KB/s
[2026-10-09 09:19:20] 🚫 未达阈值 HTTP测速: http://182.150.115.21:8030/pcgacg/pcgacg_0.m3u8
   速度: 0.90KB/s | 数据量: 0.2KB | 总耗时: 0.62s | 阈值: 120KB/s
[2026-10-09 09:19:21] ✅ 通过阈值 HTTP测速: http://ali-m-l.cztv.com/channels/lantian/channel008/1080p.m3u8
   速度: 291.99KB/s | 数据量: 0.3KB | 总耗时: 0.46s | 阈值: 120KB/s
[2026-10-09 09:19:21] ✅ HTTPS测速成功: https://live.metshop.top/huya/11601986
   速度: 673.33KB/s | 数据量: 5120.0KB | 总耗时: 8.04s | 证书: 有效
[2026-10-09 09:19:21] ✅ HTTPS测速成功: https://ali-m-l.cztv.com/channels/lantian/channel008/1080p.m3u8
   速度: 291.99KB/s | 数据量: 0.3KB | 总耗时: 0.53s | 证书: 有效
[2026-10-09 09:19:21] ✅ HTTPS测速成功: https://live.metshop.top/huya/29465859
   速度: 211.13KB/s | 数据量: 2048.0KB | 总耗时: 11.23s | 证书: 有效
[2026-10-09 09:19:22] ✅ HTTPS测速成功: https://live.metshop.top/huya/21059585
   速度: 323.46KB/s | 数据量: 3072.0KB | 总耗时: 9.91s | 证书: 有效
[2026-10-09 09:19:22] ✅ HTTPS测速成功: https://tencentplay.gztv.com/live/nanguodushi.m3u8?txSecret=550af55c0ea34ce492748481415b6dfa&txTime=1903e7b17de
   速度: 300.78KB/s | 数据量: 0.3KB | 总耗时: 1.06s | 证书: 有效
[2026-10-09 09:19:23] ✅ 通过阈值 HTTP测速: http://ebsonairios.ebs.co.kr/ebsutablet500k/tablet500k/playlist.m3u8
   速度: 122.07KB/s | 数据量: 0.1KB | 总耗时: 1.07s | 阈值: 120KB/s
[2026-10-09 09:19:23] ✅ 通过阈值 HTTP测速: http://live.zohi.tv/video/s10001-fztv-4/index.m3u8
   速度: 498.05KB/s | 数据量: 0.5KB | 总耗时: 1.25s | 阈值: 120KB/s
[2026-10-09 09:19:23] ✅ HTTPS测速成功: https://live.metshop.top/huya/29465847
   速度: 541.98KB/s | 数据量: 4096.0KB | 总耗时: 9.48s | 证书: 有效
[2026-10-09 09:19:24] 🚫 未达阈值 HTTP测速: http://60.222.246.220:19433/hls1.m3u8
   速度: 0.93KB/s | 数据量: 0.2KB | 总耗时: 0.64s | 阈值: 120KB/s
[2026-10-09 09:19:25] ✅ HTTPS测速成功: https://ls.qingting.fm/live/4972/64k.m3u8
   速度: 771.48KB/s | 数据量: 0.8KB | 总耗时: 0.83s | 证书: 有效
[2026-10-09 09:19:25] ✅ HTTPS测速成功: https://ls.qingting.fm/live/5022100/64k.m3u8
   速度: 794.92KB/s | 数据量: 0.8KB | 总耗时: 0.81s | 证书: 有效
[2026-10-09 09:19:25] ✅ HTTPS测速成功: https://live.metshop.top/huya/29465857
   速度: 569.10KB/s | 数据量: 4096.0KB | 总耗时: 8.25s | 证书: 有效
[2026-10-09 09:19:25] ✅ 通过阈值 HTTP测速: http://ls.qingting.fm/live/4885.m3u8
   速度: 787.11KB/s | 数据量: 0.8KB | 总耗时: 0.69s | 阈值: 120KB/s
[2026-10-09 09:19:25] 🚫 未达阈值 HTTP测速: http://live.qthnews.org.cn:1935/live/live1/800k/tzwj_video.m3u8
   速度: 2.25KB/s | 数据量: 0.5KB | 总耗时: 2.53s | 阈值: 120KB/s
[2026-10-09 09:19:25] ✅ HTTPS测速成功: https://satellitepull.cnr.cn/live/wx32dycjgb/playlist.m3u8
   速度: 317.38KB/s | 数据量: 0.3KB | 总耗时: 0.13s | 证书: 有效
[2026-10-09 09:19:26] ✅ 通过阈值 HTTP测速: http://ali-m-l.cztv.com/channels/lantian/channel009/1080p.m3u8
   速度: 289.06KB/s | 数据量: 0.3KB | 总耗时: 0.38s | 阈值: 120KB/s
[2026-10-09 09:19:26] 🚫 未达阈值 HTTP测速: http://stream3.jlntv.cn:80/aac_dfgb/playlist.m3u8
   速度: 90.82KB/s | 数据量: 0.1KB | 总耗时: 1.05s | 阈值: 120KB/s
[2026-10-09 09:19:26] ✅ 通过阈值 HTTP测速: http://175.155.106.72:89/live1/live1.m3u8?zsicd
   速度: 230.47KB/s | 数据量: 0.2KB | 总耗时: 0.42s | 阈值: 120KB/s
[2026-10-09 09:19:27] ✅ 通过阈值 HTTP测速: http://stream10.jlntv.cn/jiutaitv/sd/live.m3u8
   速度: 395.51KB/s | 数据量: 0.4KB | 总耗时: 0.97s | 阈值: 120KB/s
[2026-10-09 09:19:27] ✅ HTTPS测速成功: https://live.metshop.top/huya/11601966
   速度: 335.78KB/s | 数据量: 2048.0KB | 总耗时: 6.52s | 证书: 有效
[2026-10-09 09:19:28] ✅ HTTPS测速成功: https://live.metshop.top/huya/11352879
   速度: 200.23KB/s | 数据量: 1024.0KB | 总耗时: 6.24s | 证书: 有效
[2026-10-09 09:19:28] ✅ HTTPS测速成功: https://stream.sun0769.com/dgrtv1/mp4tv1_800/index.m3u8
   速度: 369.14KB/s | 数据量: 0.4KB | 总耗时: 1.13s | 证书: 有效
[2026-10-09 09:19:28] ✅ HTTPS测速成功: https://stream.sun0769.com/dgrtv1/mp4tv2_800/index.m3u8
   速度: 369.14KB/s | 数据量: 0.4KB | 总耗时: 1.19s | 证书: 有效
[2026-10-09 09:19:28] ✅ HTTPS测速成功: https://hwapi.yntv.net/62hdvf/q9vs1b.m3u8
   速度: 266.60KB/s | 数据量: 0.3KB | 总耗时: 0.88s | 证书: 无效
[2026-10-09 09:19:28] 🚫 未达阈值 HTTP测速: http://live.zzyxxw.com:85/live/xwzh.m3u8
   速度: 1.07KB/s | 数据量: 0.2KB | 总耗时: 0.70s | 阈值: 120KB/s
[2026-10-09 09:19:29] ✅ HTTPS测速成功: https://hwapi.yntv.net/62hdvf/rjwt14.m3u8
   速度: 266.60KB/s | 数据量: 0.3KB | 总耗时: 0.95s | 证书: 无效
[2026-10-09 09:19:29] ✅ HTTPS测速成功: https://live.metshop.top/huya/11352876
   速度: 335.91KB/s | 数据量: 3072.0KB | 总耗时: 9.57s | 证书: 有效
[2026-10-09 09:19:29] ✅ HTTPS测速成功: https://live.metshop.top/huya/23903183
   速度: 165.17KB/s | 数据量: 2048.0KB | 总耗时: 13.46s | 证书: 有效
[2026-10-09 09:19:29] 🚫 未达阈值 HTTP测速: http://110.153.180.106:55555/out_3/index.m3u8
   速度: 79.10KB/s | 数据量: 0.1KB | 总耗时: 0.51s | 阈值: 120KB/s
[2026-10-09 09:19:29] 🚫 未达阈值 HTTP测速: http://110.153.180.106:55555/out_4/index.m3u8
   速度: 79.10KB/s | 数据量: 0.1KB | 总耗时: 0.51s | 阈值: 120KB/s
[2026-10-09 09:19:29] 🚫 未达阈值 HTTP测速: http://110.153.180.106:55555/out_2/index.m3u8
   速度: 79.10KB/s | 数据量: 0.1KB | 总耗时: 0.49s | 阈值: 120KB/s
[2026-10-09 09:19:30] ✅ 通过阈值 HTTP测速: http://ls.qingting.fm/live/1794199.m3u8
   速度: 787.11KB/s | 数据量: 0.8KB | 总耗时: 0.57s | 阈值: 120KB/s
[2026-10-09 09:19:30] ✅ 通过阈值 HTTP测速: http://ls.qingting.fm/live/267.m3u8
   速度: 771.48KB/s | 数据量: 0.8KB | 总耗时: 0.61s | 阈值: 120KB/s
[2026-10-09 09:19:30] ✅ HTTPS测速成功: https://play.scrstv.com.cn/DT/live.m3u8?auth_key=60001724663204-0-0-c1cc4ded9841ac34f63cdbd3aec647ef
   速度: 761.72KB/s | 数据量: 0.8KB | 总耗时: 0.66s | 证书: 有效
[2026-10-09 09:19:30] ✅ HTTPS测速成功: https://jwcdnqx.hebyun.com.cn/live/rqtv1/1500k/tzwj_video.m3u8
   速度: 500.98KB/s | 数据量: 0.5KB | 总耗时: 0.75s | 证书: 有效
[2026-10-09 09:19:30] ✅ 通过阈值 HTTP测速: http://zbbf2.ahbztv.com/live/418.m3u8
   速度: 240.23KB/s | 数据量: 0.2KB | 总耗时: 2.11s | 阈值: 120KB/s
[2026-10-09 09:19:30] ✅ HTTPS测速成功: https://jwcdnqx.hebyun.com.cn/live/xlzh/1500k/tzwj_video.m3u8
   速度: 227.24KB/s | 数据量: 0.5KB | 总耗时: 0.68s | 证书: 有效
[2026-10-09 09:19:31] ✅ 通过阈值 HTTP测速: http://tvfile.jyrmt.cn/nmip-media/channellive/channel104452/playlist.m3u8
   速度: 265.62KB/s | 数据量: 0.3KB | 总耗时: 2.76s | 阈值: 120KB/s
[2026-10-09 09:19:31] ✅ 通过阈值 HTTP测速: http://nklive.nbs.cn/hls/d511bc9d-a694-4453-b3a2-4fc842cc97a1/index.m3u8
   速度: 543.95KB/s | 数据量: 0.5KB | 总耗时: 0.62s | 阈值: 120KB/s
[2026-10-09 09:19:31] ✅ 通过阈值 HTTP测速: http://nklive.nbs.cn/hls/75b3c462-b831-4de7-a34b-5d3221db2069/index.m3u8
   速度: 543.95KB/s | 数据量: 0.5KB | 总耗时: 0.94s | 阈值: 120KB/s
[2026-10-09 09:19:31] ✅ HTTPS测速成功: https://satellitepull.cnr.cn/live/wxbjxwgb/playlist.m3u8
   速度: 315.43KB/s | 数据量: 0.3KB | 总耗时: 1.14s | 证书: 有效
[2026-10-09 09:19:31] ✅ 通过阈值 HTTP测速: http://tencentplay.gztv.com/live/nanguodushi.m3u8?txSecret=140110ae3d6c936a77f94c4f4d85b0d3&txTime=18d57929bd4
   速度: 300.78KB/s | 数据量: 0.3KB | 总耗时: 0.92s | 阈值: 120KB/s
[2026-10-09 09:19:32] 🚫 未达阈值 HTTP测速: http://stream3.jlntv.cn:80/aac_slgb/playlist.m3u8
   速度: 90.82KB/s | 数据量: 0.1KB | 总耗时: 0.77s | 阈值: 120KB/s
[2026-10-09 09:19:32] ✅ 通过阈值 HTTP测速: http://liveout.btzx.com.cn/62ds9e/4nxdih.m3u8?fbl=
   速度: 265.62KB/s | 数据量: 0.3KB | 总耗时: 2.20s | 阈值: 120KB/s
[2026-10-09 09:19:32] ✅ HTTPS测速成功: https://m3u8.channel.dzsm.com/nmip-media/channellive/channel105549/playlist.m3u8
   速度: 271.48KB/s | 数据量: 0.3KB | 总耗时: 1.25s | 证书: 有效
[2026-10-09 09:19:32] ✅ HTTPS测速成功: https://live.zzyxxw.com:2443/live/xwzh.m3u8
   速度: 240.23KB/s | 数据量: 0.2KB | 总耗时: 2.69s | 证书: 有效
[2026-10-09 09:19:32] 🚫 未达阈值 HTTP测速: http://jrlive.jrntv.com/live/_definst_/dangjians/playlist.m3u8?%E5%85%B3%E6%B3%A8%E5%BE%AE%E4%BF%A1%E5%85%AC%E4%BC%97%E5%8F%B7[%E6%99%B4%E5%9B%AD]
   速度: 14.85KB/s | 数据量: 0.2KB | 总耗时: 1.18s | 阈值: 120KB/s
[2026-10-09 09:19:32] 🚫 未达阈值 HTTP测速: http://jrlive.jrntv.com/live/_definst_/yingshis/chunklist_w1994429382.m3u8?zjiangsd
   速度: 16.25KB/s | 数据量: 0.3KB | 总耗时: 1.15s | 阈值: 120KB/s
[2026-10-09 09:19:33] 🚫 未达阈值 HTTP测速: http://jrlive.jrntv.com/live/_definst_/shenghuos/playlist.m3u8?%E5%85%B3%E6%B3%A8%E5%BE%AE%E4%BF%A1%E5%85%AC%E4%BC%97%E5%8F%B7[%E6%99%B4%E5%9B%AD]
   速度: 9.20KB/s | 数据量: 0.2KB | 总耗时: 1.11s | 阈值: 120KB/s
[2026-10-09 09:19:33] ✅ 通过阈值 HTTP测速: http://stream.hrbtv.net/ylpd/sd/live.m3u8?zheild
   速度: 370.12KB/s | 数据量: 0.4KB | 总耗时: 0.49s | 阈值: 120KB/s
[2026-10-09 09:19:33] ✅ 通过阈值 HTTP测速: http://stream.hrbtv.net/xwzh/sd/live.m3u8?zheild
   速度: 355.47KB/s | 数据量: 0.4KB | 总耗时: 0.48s | 阈值: 120KB/s
[2026-10-09 09:19:33] ✅ HTTPS测速成功: https://satellitepull.cnr.cn/live/wxjlxcgb/playlist.m3u8
   速度: 315.43KB/s | 数据量: 0.3KB | 总耗时: 1.08s | 证书: 有效
[2026-10-09 09:19:33] ✅ 通过阈值 HTTP测速: http://stream.hrbtv.net/shpd/sd/live.m3u8?zheild
   速度: 355.47KB/s | 数据量: 0.4KB | 总耗时: 0.47s | 阈值: 120KB/s
[2026-10-09 09:19:33] ✅ HTTPS测速成功: https://live.metshop.top/huya/11342413
   速度: 183.21KB/s | 数据量: 2048.0KB | 总耗时: 11.98s | 证书: 有效
[2026-10-09 09:19:33] ✅ HTTPS测速成功: https://live.metshop.top/douyu/3949681
   速度: 100.08KB/s | 数据量: 1024.0KB | 总耗时: 11.77s | 证书: 有效
[2026-10-09 09:19:33] ✅ 通过阈值 HTTP测速: http://stream.hrbtv.net/zxpd/sd/live.m3u8
   速度: 370.12KB/s | 数据量: 0.4KB | 总耗时: 0.45s | 阈值: 120KB/s
[2026-10-09 09:19:33] ✅ 通过阈值 HTTP测速: http://live.zohi.tv/video/s10001-fztv-1/index.m3u8
   速度: 498.05KB/s | 数据量: 0.5KB | 总耗时: 0.44s | 阈值: 120KB/s
[2026-10-09 09:19:33] ✅ 通过阈值 HTTP测速: http://file.loulannews.cn/nmip-media/channellive/channel103824/playlist.m3u8
   速度: 271.48KB/s | 数据量: 0.3KB | 总耗时: 1.67s | 阈值: 120KB/s
[2026-10-09 09:19:34] ✅ 通过阈值 HTTP测速: http://www.guzhenm.com:7001/hls/hd-live.m3u8
   速度: 181.64KB/s | 数据量: 0.2KB | 总耗时: 0.46s | 阈值: 120KB/s
[2026-10-09 09:19:34] ✅ 通过阈值 HTTP测速: http://615bbf179ba53515dccad7b1da5d1ad9.livehwc3.cn/hls.nntv.cn/nnlive/WLSH_24.m3u8?sub_m3u8=true&edge_slice=true&user_session_id=2598844eaee8a4265e706fc14b3fc11d
   速度: 192.38KB/s | 数据量: 0.2KB | 总耗时: 2.77s | 阈值: 120KB/s
[2026-10-09 09:19:34] ✅ HTTPS测速成功: https://m3u8channel-bx.yunxya.com/nmip-media/channellive/channel104666/playlist.m3u8
   速度: 271.48KB/s | 数据量: 0.3KB | 总耗时: 0.66s | 证书: 有效
[2026-10-09 09:19:34] ✅ 通过阈值 HTTP测速: http://218.84.12.186:8002/hls/main/playlist.m3u8?zxinjd
   速度: 326.17KB/s | 数据量: 0.3KB | 总耗时: 0.50s | 阈值: 120KB/s
[2026-10-09 09:19:34] ✅ 通过阈值 HTTP测速: http://dspdhls.appcoo.com:8888/live/dspd/index.m3u8
   速度: 155.27KB/s | 数据量: 0.2KB | 总耗时: 0.45s | 阈值: 120KB/s
[2026-10-09 09:19:34] ✅ HTTPS测速成功: https://stream.hrbtv.net/ylpd/sd/live.m3u8
   速度: 370.12KB/s | 数据量: 0.4KB | 总耗时: 0.96s | 证书: 有效
[2026-10-09 09:19:34] ✅ HTTPS测速成功: https://p2.vzan.com/slowlive/596867413819827251/live.m3u8?zbid=1725814272&tpid=1516989100&type=0
   速度: 693.36KB/s | 数据量: 0.7KB | 总耗时: 0.56s | 证书: 有效
[2026-10-09 09:19:34] ✅ 通过阈值 HTTP测速: http://play.kankanlive.com/live/1720583434627241.m3u8
   速度: 249.02KB/s | 数据量: 0.2KB | 总耗时: 1.23s | 阈值: 120KB/s
[2026-10-09 09:19:34] ✅ 通过阈值 HTTP测速: http://ls.qingting.fm/live/60260.m3u8
   速度: 787.11KB/s | 数据量: 0.8KB | 总耗时: 0.56s | 阈值: 120KB/s
[2026-10-09 09:19:34] 🚫 未达阈值 HTTP测速: http://live.daningtv.com/aac_dngb/playlist.m3u8
   速度: 67.38KB/s | 数据量: 0.1KB | 总耗时: 1.20s | 阈值: 120KB/s
[2026-10-09 09:19:34] ✅ 通过阈值 HTTP测速: http://183.11.239.36:808/hls/18/index.m3u8
   速度: 243.16KB/s | 数据量: 0.2KB | 总耗时: 0.38s | 阈值: 120KB/s
[2026-10-09 09:19:35] ✅ 通过阈值 HTTP测速: http://tvfile.jyrmt.cn:80/nmip-media/channellive/channel104452/playlist.m3u8
   速度: 265.62KB/s | 数据量: 0.3KB | 总耗时: 1.71s | 阈值: 120KB/s
[2026-10-09 09:19:35] ✅ HTTPS测速成功: https://play.kankanlive.com/live/1656487214793905.m3u8
   速度: 250.00KB/s | 数据量: 0.2KB | 总耗时: 0.71s | 证书: 有效
[2026-10-09 09:19:35] ✅ HTTPS测速成功: https://jwcdnqx.hebyun.com.cn/live/pqzh/1500k/tzwj_video.m3u8
   速度: 503.91KB/s | 数据量: 0.5KB | 总耗时: 0.70s | 证书: 有效
[2026-10-09 09:19:35] 🚫 未达阈值 HTTP测速: http://live1.gatv.com.cn:85/live/GGPD.m3u8
   速度: 1.09KB/s | 数据量: 0.2KB | 总耗时: 0.87s | 阈值: 120KB/s
[2026-10-09 09:19:35] 🚫 未达阈值 HTTP测速: http://live1.gatv.com.cn:85/live/GGPD_ggpdzm.m3u8
   速度: 1.18KB/s | 数据量: 0.3KB | 总耗时: 0.98s | 阈值: 120KB/s
[2026-10-09 09:19:35] ✅ 通过阈值 HTTP测速: http://tencentplay.gztv.com/live/xinwen.m3u8?txSecret=d2c2db0b598c02ec1b5623728434d367&txTime=18d57929bd3
   速度: 286.13KB/s | 数据量: 0.3KB | 总耗时: 0.89s | 阈值: 120KB/s
[2026-10-09 09:19:35] ✅ 通过阈值 HTTP测速: http://tencentplay.gztv.com/live/zonghes.m3u8?txSecret=c8dbe86d6f86eb1a21999ab479fd5667&txTime=18d3c4690e8
   速度: 289.06KB/s | 数据量: 0.3KB | 总耗时: 0.89s | 阈值: 120KB/s
[2026-10-09 09:19:36] ✅ HTTPS测速成功: https://hlscdn.liangtv.cn/live/0234c48e0bc24fe1b41b9999a253e581/1075ee38e04f490690f6a36a16e09c79.m3u8
   速度: 179.69KB/s | 数据量: 0.2KB | 总耗时: 0.37s | 证书: 有效
[2026-10-09 09:19:36] 🚫 未达阈值 HTTP测速: http://stream8.jlntv.cn/dhtv/playlist.m3u8
   速度: 91.80KB/s | 数据量: 0.1KB | 总耗时: 0.52s | 阈值: 120KB/s
[2026-10-09 09:19:36] 🚫 未达阈值 HTTP测速: http://stream5.jlntv.cn/wq/playlist.m3u8
   速度: 91.80KB/s | 数据量: 0.1KB | 总耗时: 0.72s | 阈值: 120KB/s
[2026-10-09 09:19:36] ✅ 通过阈值 HTTP测速: http://stream11.jlntv.cn/dehuitv/sd/live.m3u8
   速度: 370.12KB/s | 数据量: 0.4KB | 总耗时: 0.68s | 阈值: 120KB/s
[2026-10-09 09:19:36] ✅ HTTPS测速成功: https://m3u8.channel.dzsm.com/nmip-media/channellive/channel100999/playlist.m3u8
   速度: 271.48KB/s | 数据量: 0.3KB | 总耗时: 0.90s | 证书: 有效
[2026-10-09 09:19:36] ✅ HTTPS测速成功: https://m3u8.channel.dzsm.com/nmip-media/channellive/channel101257/playlist.m3u8
   速度: 271.48KB/s | 数据量: 0.3KB | 总耗时: 1.12s | 证书: 有效
[2026-10-09 09:19:36] ✅ HTTPS测速成功: https://play.kankanlive.com/live/1720583434627241.m3u8
   速度: 250.00KB/s | 数据量: 0.2KB | 总耗时: 0.49s | 证书: 有效
[2026-10-09 09:19:36] ✅ 通过阈值 HTTP测速: http://tvpull.dxhmt.cn:9081/tv/11329-1.m3u8
   速度: 1961.91KB/s | 数据量: 2.0KB | 总耗时: 0.57s | 阈值: 120KB/s
[2026-10-09 09:19:36] ✅ 通过阈值 HTTP测速: http://live.xysrmt.cn/shpd/sd/live.m3u8?zjiangsd
   速度: 370.12KB/s | 数据量: 0.4KB | 总耗时: 0.89s | 阈值: 120KB/s
[2026-10-09 09:19:37] 🚫 未达阈值 HTTP测速: http://live.spccmc.com:90/live/spxwzh.m3u8?%E5%85%B3%E6%B3%A8%E5%BE%AE%E4%BF%A1%E5%85%AC%E4%BC%97%E5%8F%B7[%E6%99%B4%E5%9B%AD]
   速度: 1.11KB/s | 数据量: 0.2KB | 总耗时: 0.72s | 阈值: 120KB/s
[2026-10-09 09:19:37] ✅ HTTPS测速成功: https://tencentplay.gztv.com/live/zonghes.m3u8?txSecret=439b0fd2cf766b363c93a59cbcbe1370&txTime=18d00acf488
   速度: 289.06KB/s | 数据量: 0.3KB | 总耗时: 1.35s | 证书: 有效
[2026-10-09 09:19:37] ✅ HTTPS测速成功: https://jwcdnqx.hebyun.com.cn/live/clzhpd/1500k/tzwj_video.m3u8
   速度: 513.67KB/s | 数据量: 0.5KB | 总耗时: 0.69s | 证书: 有效
[2026-10-09 09:19:37] ✅ 通过阈值 HTTP测速: http://stream.jinjiang.tv/1/sd/live.m3u8?zfud
   速度: 315.43KB/s | 数据量: 0.3KB | 总耗时: 0.78s | 阈值: 120KB/s
[2026-10-09 09:19:37] ✅ 通过阈值 HTTP测速: http://stream3.jlntv.cn:80/aac_lhgb/sd/live.m3u8
   速度: 497.07KB/s | 数据量: 0.5KB | 总耗时: 0.54s | 阈值: 120KB/s
[2026-10-09 09:19:37] ✅ 通过阈值 HTTP测速: http://live.xysrmt.cn/xwzh/sd/live.m3u8?zjiangsd"
   速度: 370.12KB/s | 数据量: 0.4KB | 总耗时: 1.92s | 阈值: 120KB/s
[2026-10-09 09:19:37] ✅ 通过阈值 HTTP测速: http://tvpull.dxhmt.cn:9081/tv/11481-1.m3u8
   速度: 1960.94KB/s | 数据量: 2.0KB | 总耗时: 0.10s | 阈值: 120KB/s
[2026-10-09 09:19:37] 🚫 未达阈值 HTTP测速: http://stream9.jlntv.cn:80/aac_huadiangb/playlist.m3u8
   速度: 89.84KB/s | 数据量: 0.1KB | 总耗时: 0.76s | 阈值: 120KB/s
[2026-10-09 09:19:37] ✅ HTTPS测速成功: https://live.gdtv.ah.cn/live/newsTV.m3u8
   速度: 333.98KB/s | 数据量: 0.3KB | 总耗时: 1.12s | 证书: 有效
[2026-10-09 09:19:38] 🚫 未达阈值 HTTP测速: http://stream3.jlntv.cn:80/aac_mhkgb/playlist.m3u8
   速度: 90.82KB/s | 数据量: 0.1KB | 总耗时: 0.55s | 阈值: 120KB/s
[2026-10-09 09:19:38] 🚫 未达阈值 HTTP测速: http://zb.gxlbamc.com:1935/live/lbzh.stream/playlist.m3u8
   速度: 0.66KB/s | 数据量: 0.1KB | 总耗时: 1.22s | 阈值: 120KB/s
[2026-10-09 09:19:38] ✅ HTTPS测速成功: https://ls.qingting.fm/live/20198/64k.m3u8
   速度: 779.30KB/s | 数据量: 0.8KB | 总耗时: 0.53s | 证书: 有效
[2026-10-09 09:19:38] RTMP检测异常: rtmp://tv.mcrm.org.cn:1935/channellive/tv01 | [Errno 2] No such file or directory: 'ffmpeg'
[2026-10-09 09:19:38] ✅ 通过阈值 HTTP测速: http://stream5.jlntv.cn/wq/sd/live.m3u8
   速度: 478.52KB/s | 数据量: 0.5KB | 总耗时: 0.49s | 阈值: 120KB/s
[2026-10-09 09:19:38] 🚫 未达阈值 HTTP测速: http://59.175.226.142:280/gb28181/xwzh.m3u8?zhubd
   速度: 1.15KB/s | 数据量: 0.3KB | 总耗时: 0.66s | 阈值: 120KB/s
[2026-10-09 09:19:38] ✅ HTTPS测速成功: https://m3u8.channel.dzsm.com/nmip-media/channellive/channel104601/playlist.m3u8
   速度: 271.48KB/s | 数据量: 0.3KB | 总耗时: 1.23s | 证书: 有效
[2026-10-09 09:19:38] 🚫 未达阈值 HTTP测速: http://live.iwcmt.cn:90/live/zhxw.m3u8
   速度: 1.27KB/s | 数据量: 0.2KB | 总耗时: 0.81s | 阈值: 120KB/s
[2026-10-09 09:19:38] ✅ HTTPS测速成功: https://ls.qingting.fm/live/1650/64k.m3u8
   速度: 771.48KB/s | 数据量: 0.8KB | 总耗时: 0.45s | 证书: 有效
[2026-10-09 09:19:39] ✅ 通过阈值 HTTP测速: http://play.jinnantv.top/live/JNTV1.m3u8?ztianjd
   速度: 250.00KB/s | 数据量: 0.2KB | 总耗时: 0.17s | 阈值: 120KB/s
[2026-10-09 09:19:39] ✅ HTTPS测速成功: https://dxtx.hntv.tv/live/lypd.m3u8?txSecret=10c771842a0be59e8b575d765173ec96&txTime=7B923E0A&wsSecret=41543190cdf375f1c73207222bb96542&wsTime=1769313549
   速度: 280.27KB/s | 数据量: 0.3KB | 总耗时: 0.66s | 证书: 有效
[2026-10-09 09:19:39] ✅ HTTPS测速成功: https://play.kankanlive.com/live/1652755738635915.m3u8
   速度: 250.00KB/s | 数据量: 0.2KB | 总耗时: 0.89s | 证书: 有效
[2026-10-09 09:19:39] ✅ 通过阈值 HTTP测速: http://ls.qingting.fm/live/1650.m3u8
   速度: 779.30KB/s | 数据量: 0.8KB | 总耗时: 0.71s | 阈值: 120KB/s
[2026-10-09 09:19:39] ✅ 通过阈值 HTTP测速: http://file.ysxtv.cn/cms/videos/nmip-media/channellive/channel4/playlist.m3u8?zsicd
   速度: 265.62KB/s | 数据量: 0.3KB | 总耗时: 1.27s | 阈值: 120KB/s
[2026-10-09 09:19:39] ✅ 通过阈值 HTTP测速: http://ali-m-l.cztv.com/channels/lantian/channel007/1080p.m3u8
   速度: 291.99KB/s | 数据量: 0.3KB | 总耗时: 0.37s | 阈值: 120KB/s
[2026-10-09 09:19:39] ✅ 通过阈值 HTTP测速: http://ali-m-l.cztv.com/channels/lantian/channel006/720p.m3u8
   速度: 288.09KB/s | 数据量: 0.3KB | 总耗时: 0.57s | 阈值: 120KB/s
[2026-10-09 09:19:39] ✅ HTTPS测速成功: https://zb-live.ynurl.com/yimen/3b75a2f9-7941-46b7-992d-a9796fbca5fe.m3u8
   速度: 381.84KB/s | 数据量: 0.4KB | 总耗时: 1.25s | 证书: 有效
[2026-10-09 09:19:39] ✅ 通过阈值 HTTP测速: http://ali-m-l.cztv.com/channels/lantian/channel010/1080p.m3u8
   速度: 291.99KB/s | 数据量: 0.3KB | 总耗时: 0.34s | 阈值: 120KB/s
[2026-10-09 09:19:39] ✅ 通过阈值 HTTP测速: http://ali-m-l.cztv.com/channels/lantian/channel010/720p.m3u8
   速度: 287.11KB/s | 数据量: 0.3KB | 总耗时: 0.62s | 阈值: 120KB/s
[2026-10-09 09:19:39] ✅ 通过阈值 HTTP测速: http://ali-m-l.cztv.com/channels/lantian/channel004/1080p.m3u8
   速度: 291.99KB/s | 数据量: 0.3KB | 总耗时: 0.38s | 阈值: 120KB/s
[2026-10-09 09:19:39] ✅ 通过阈值 HTTP测速: http://ali-m-l.cztv.com/channels/lantian/channel07/1080p.m3u8
   速度: 291.99KB/s | 数据量: 0.3KB | 总耗时: 0.66s | 阈值: 120KB/s
[2026-10-09 09:19:39] ✅ 通过阈值 HTTP测速: http://ali-m-l.cztv.com/channels/lantian/channel12/720p.m3u8
   速度: 289.06KB/s | 数据量: 0.3KB | 总耗时: 0.40s | 阈值: 120KB/s
[2026-10-09 09:19:39] ✅ 通过阈值 HTTP测速: http://ali-m-l.cztv.com/channels/lantian/channel04/720p.m3u8
   速度: 287.11KB/s | 数据量: 0.3KB | 总耗时: 0.43s | 阈值: 120KB/s
[2026-10-09 09:19:40] ✅ HTTPS测速成功: https://m3u8channel.yunxya.com/nmip-media/channellive/channel100028/playlist.m3u8
   速度: 271.48KB/s | 数据量: 0.3KB | 总耗时: 0.87s | 证书: 有效
[2026-10-09 09:19:40] ✅ 通过阈值 HTTP测速: http://ali-m-l.cztv.com/channels/lantian/channel007/720p.m3u8
   速度: 287.11KB/s | 数据量: 0.3KB | 总耗时: 0.44s | 阈值: 120KB/s
[2026-10-09 09:19:40] ✅ HTTPS测速成功: https://ali-m-l.cztv.com/channels/lantian/channel010/1080p.m3u8?
   速度: 291.99KB/s | 数据量: 0.3KB | 总耗时: 0.53s | 证书: 有效
[2026-10-09 09:19:40] ✅ 通过阈值 HTTP测速: http://ali-m-l.cztv.com/channels/lantian/channel006/1080p.m3u8
   速度: 289.06KB/s | 数据量: 0.3KB | 总耗时: 0.46s | 阈值: 120KB/s
[2026-10-09 09:19:40] ✅ 通过阈值 HTTP测速: http://ali-m-l.cztv.com/channels/lantian/channel06/1080p.m3u8
   速度: 291.99KB/s | 数据量: 0.3KB | 总耗时: 0.59s | 阈值: 120KB/s
[2026-10-09 09:19:40] ✅ 通过阈值 HTTP测速: http://ali-m-l.cztv.com/channels/lantian/channel07/720p.m3u8
   速度: 289.06KB/s | 数据量: 0.3KB | 总耗时: 0.72s | 阈值: 120KB/s
[2026-10-09 09:19:40] ✅ 通过阈值 HTTP测速: http://ali-m-l.cztv.com/channels/lantian/channel06/720p.m3u8
   速度: 289.06KB/s | 数据量: 0.3KB | 总耗时: 0.44s | 阈值: 120KB/s
[2026-10-09 09:19:40] ✅ 通过阈值 HTTP测速: http://ali-m-l.cztv.com/channels/lantian/channel03/720p.m3u8
   速度: 289.06KB/s | 数据量: 0.3KB | 总耗时: 0.40s | 阈值: 120KB/s
[2026-10-09 09:19:40] ✅ HTTPS测速成功: https://radio.pull.hebtv.com/live/hebnczx.m3u8
   速度: 339.84KB/s | 数据量: 0.3KB | 总耗时: 0.81s | 证书: 有效
[2026-10-09 09:19:40] ✅ 通过阈值 HTTP测速: http://ls.qingting.fm/live/1099.m3u8
   速度: 779.30KB/s | 数据量: 0.8KB | 总耗时: 0.56s | 阈值: 120KB/s
[2026-10-09 09:19:40] ✅ 通过阈值 HTTP测速: http://ali-m-l.cztv.com/channels/lantian/channel003/1080p.m3u8
   速度: 291.99KB/s | 数据量: 0.3KB | 总耗时: 0.53s | 阈值: 120KB/s
[2026-10-09 09:19:40] ✅ 通过阈值 HTTP测速: http://ali-m-l.cztv.com/channels/lantian/channel03/1080p.m3u8
   速度: 290.04KB/s | 数据量: 0.3KB | 总耗时: 0.42s | 阈值: 120KB/s
[2026-10-09 09:19:40] ✅ 通过阈值 HTTP测速: http://ali-m-l.cztv.com/channels/lantian/channel003/720p.m3u8
   速度: 289.06KB/s | 数据量: 0.3KB | 总耗时: 0.38s | 阈值: 120KB/s
[2026-10-09 09:19:41] ✅ HTTPS测速成功: https://ali-m-l.cztv.com/channels/lantian/channel007/1080p.m3u8?
   速度: 291.99KB/s | 数据量: 0.3KB | 总耗时: 0.73s | 证书: 有效
[2026-10-09 09:19:41] ✅ HTTPS测速成功: https://ali-m-l.cztv.com/channels/lantian/channel006/1080p.m3u8?
   速度: 289.06KB/s | 数据量: 0.3KB | 总耗时: 0.73s | 证书: 有效
[2026-10-09 09:19:41] ✅ 通过阈值 HTTP测速: http://ali-m-l.cztv.com/channels/lantian/channel02/1080p.m3u8
   速度: 291.99KB/s | 数据量: 0.3KB | 总耗时: 0.43s | 阈值: 120KB/s
[2026-10-09 09:19:41] ✅ HTTPS测速成功: https://ali-m-l.cztv.com/channels/lantian/channel003/1080p.m3u8?
   速度: 291.99KB/s | 数据量: 0.3KB | 总耗时: 0.53s | 证书: 有效
[2026-10-09 09:19:41] ✅ 通过阈值 HTTP测速: http://ali-xwl.cztv.com/live/channel02720Plxw.m3u8
   速度: 474.61KB/s | 数据量: 0.5KB | 总耗时: 0.69s | 阈值: 120KB/s
[2026-10-09 09:19:41] ✅ 通过阈值 HTTP测速: http://ali-xwl.cztv.com/live/channel021080Plxw.m3u8
   速度: 344.73KB/s | 数据量: 0.3KB | 总耗时: 0.76s | 阈值: 120KB/s
[2026-10-09 09:19:41] ✅ HTTPS测速成功: https://ali-m-l.cztv.com/channels/lantian/channel002/1080p.m3u8?
   速度: 291.99KB/s | 数据量: 0.3KB | 总耗时: 0.53s | 证书: 有效
[2026-10-09 09:19:41] ✅ 通过阈值 HTTP测速: http://ls.qingting.fm/live/1861.m3u8
   速度: 778.32KB/s | 数据量: 0.8KB | 总耗时: 0.61s | 阈值: 120KB/s
[2026-10-09 09:19:41] ✅ 通过阈值 HTTP测速: http://play.kankanlive.com/live/1720408280309109.m3u8
   速度: 249.02KB/s | 数据量: 0.2KB | 总耗时: 0.49s | 阈值: 120KB/s
[2026-10-09 09:19:41] ✅ HTTPS测速成功: https://satellitepull.cnr.cn/live/wxgshhzs/playlist.m3u8
   速度: 315.43KB/s | 数据量: 0.3KB | 总耗时: 0.08s | 证书: 有效
[2026-10-09 09:19:41] ✅ 通过阈值 HTTP测速: http://218.84.127.245:1026/hls/main1/playlist.m3u8?zxinjd,
   速度: 233.40KB/s | 数据量: 0.2KB | 总耗时: 0.50s | 阈值: 120KB/s
[2026-10-09 09:19:42] ✅ HTTPS测速成功: https://satellitepull.cnr.cn/live/wxgsdstb/playlist.m3u8
   速度: 315.43KB/s | 数据量: 0.3KB | 总耗时: 0.15s | 证书: 有效
[2026-10-09 09:19:42] ✅ 通过阈值 HTTP测速: http://jwplay.hebyun.com.cn/live/LPTV001/1500k/tzwj_video.m3u8
   速度: 513.67KB/s | 数据量: 0.5KB | 总耗时: 0.83s | 阈值: 120KB/s
[2026-10-09 09:19:42] ✅ 通过阈值 HTTP测速: http://traffic.jbh.tjbh.com/live/bhtv10/playlist.m3u8
   速度: 1934.57KB/s | 数据量: 1.9KB | 总耗时: 0.69s | 阈值: 120KB/s
[2026-10-09 09:19:42] ✅ HTTPS测速成功: https://jwcdnqx.hebyun.com.cn/live/qinghe1/1500k/tzwj_video.m3u8
   速度: 513.67KB/s | 数据量: 0.5KB | 总耗时: 0.68s | 证书: 有效
[2026-10-09 09:19:42] 🚫 未达阈值 HTTP测速: http://222.179.42.129:8181/hls1.m3u8
   速度: 0.73KB/s | 数据量: 0.2KB | 总耗时: 0.68s | 阈值: 120KB/s
[2026-10-09 09:19:42] ✅ HTTPS测速成功: https://ls.qingting.fm/live/5043/64k.m3u8
   速度: 779.30KB/s | 数据量: 0.8KB | 总耗时: 0.72s | 证书: 有效
[2026-10-09 09:19:42] ✅ 通过阈值 HTTP测速: http://play.kankanlive.com/live/1720408089419110.m3u8
   速度: 249.02KB/s | 数据量: 0.2KB | 总耗时: 0.50s | 阈值: 120KB/s
[2026-10-09 09:19:42] ✅ 通过阈值 HTTP测速: http://stream3.jlntv.cn:80/aac_psgb/sd/live.m3u8
   速度: 497.07KB/s | 数据量: 0.5KB | 总耗时: 0.47s | 阈值: 120KB/s
[2026-10-09 09:19:42] ✅ 通过阈值 HTTP测速: http://satellitepull.cnr.cn/live/wx32dycjgb/playlist.m3u8
   速度: 258.79KB/s | 数据量: 0.3KB | 总耗时: 0.04s | 阈值: 120KB/s
[2026-10-09 09:19:42] ✅ HTTPS测速成功: https://live.264788.xyz/channel/fujianxiangcungonggong?streamid=1cf7fc3a8f6d160c33b43c2f9507a0cc&livekey=01WgOR41rriMmMkzNsd0UoaxJRwetZdxIvtVk
   速度: 267369.18KB/s | 数据量: 7188.8KB | 总耗时: 0.18s | 证书: 有效
[2026-10-09 09:19:42] ✅ HTTPS测速成功: https://live.264788.xyz/channel/fujianlvyou?streamid=fc58882de71ce4575b66002f2475226b&livekey=01WgOR41rriMmMkzNsd0UoaxJRwetZdxIvtVk
   速度: 210199.20KB/s | 数据量: 7188.8KB | 总耗时: 0.20s | 证书: 有效
[2026-10-09 09:19:42] ✅ 通过阈值 HTTP测速: http://satellitepull.cnr.cn/live/wx32fjxwgb/playlist.m3u8
   速度: 258.79KB/s | 数据量: 0.3KB | 总耗时: 0.60s | 阈值: 120KB/s
[2026-10-09 09:19:43] ✅ 通过阈值 HTTP测速: http://satellitepull.cnr.cn/live/wx32fjdnjjgb/playlist.m3u8
   速度: 260.74KB/s | 数据量: 0.3KB | 总耗时: 0.54s | 阈值: 120KB/s
[2026-10-09 09:19:43] ✅ 通过阈值 HTTP测速: http://live.shaoxing.com.cn/video/s10001-sxtv2/index.m3u8
   速度: 681.64KB/s | 数据量: 0.7KB | 总耗时: 0.54s | 阈值: 120KB/s
[2026-10-09 09:19:43] ✅ 通过阈值 HTTP测速: http://zbbf2.ahbztv.com/live/416.m3u8?zanhd
   速度: 246.09KB/s | 数据量: 0.2KB | 总耗时: 1.04s | 阈值: 120KB/s
[2026-10-09 09:19:43] ✅ 通过阈值 HTTP测速: http://stream8.jlntv.cn/shulan/sd/live.m3u8?_upt=332db6421699196585
   速度: 482.42KB/s | 数据量: 0.5KB | 总耗时: 0.48s | 阈值: 120KB/s
[2026-10-09 09:19:43] ✅ HTTPS测速成功: https://stream.hrbtv.net/zxpd/sd/live.m3u8
   速度: 370.12KB/s | 数据量: 0.4KB | 总耗时: 1.08s | 证书: 有效
[2026-10-09 09:19:43] ✅ HTTPS测速成功: https://p2hs.vzan.com/slowlive/317913155078575177/live.m3u8
   速度: 690.43KB/s | 数据量: 0.7KB | 总耗时: 1.17s | 证书: 有效
[2026-10-09 09:19:43] ✅ 通过阈值 HTTP测速: http://live.zohi.tv:80/video/s10001-fztv-3/index.m3u8
   速度: 498.05KB/s | 数据量: 0.5KB | 总耗时: 1.33s | 阈值: 120KB/s
[2026-10-09 09:19:43] ✅ HTTPS测速成功: https://live-auth.51kandianshi.com/szgd/csztv1.m3u8
   速度: 286.13KB/s | 数据量: 0.3KB | 总耗时: 0.58s | 证书: 有效
[2026-10-09 09:19:43] ✅ 通过阈值 HTTP测速: http://tvpull.dxhmt.cn:9081/tv/10182-1.m3u8
   速度: 1960.94KB/s | 数据量: 2.0KB | 总耗时: 0.32s | 阈值: 120KB/s
[2026-10-09 09:19:43] ✅ HTTPS测速成功: https://live-auth.51kandianshi.com/szgd/csztv3.m3u8
   速度: 286.13KB/s | 数据量: 0.3KB | 总耗时: 0.88s | 证书: 有效
[2026-10-09 09:19:43] ✅ 通过阈值 HTTP测速: http://ls.qingting.fm/live/2810.m3u8
   速度: 787.11KB/s | 数据量: 0.8KB | 总耗时: 0.46s | 阈值: 120KB/s
[2026-10-09 09:19:44] ✅ 通过阈值 HTTP测速: http://stream.jmtv.com.cn/xwzh/sd/live.m3u8
   速度: 356.45KB/s | 数据量: 0.4KB | 总耗时: 0.86s | 阈值: 120KB/s
[2026-10-09 09:19:44] ✅ HTTPS测速成功: https://live-auth.51kandianshi.com/szgd/csztv5.m3u8
   速度: 286.13KB/s | 数据量: 0.3KB | 总耗时: 0.79s | 证书: 有效
[2026-10-09 09:19:44] ✅ 通过阈值 HTTP测速: http://play-sh13.quklive.com/live/1702360350551252.m3u8?auth_key=2037107484-800189c57a5a44d3b823b60cf84f6756-0-a6f6828a62d5c167cff5e68735fa0d39
   速度: 1008.79KB/s | 数据量: 1.0KB | 总耗时: 0.52s | 阈值: 120KB/s
[2026-10-09 09:19:44] ✅ 通过阈值 HTTP测速: http://stream5.jlntv.cn/hn/sd/live.m3u8
   速度: 463.87KB/s | 数据量: 0.5KB | 总耗时: 0.50s | 阈值: 120KB/s
[2026-10-09 09:19:44] ✅ HTTPS测速成功: https://live-auth.51kandianshi.com/szgd/csztv2.m3u8
   速度: 286.13KB/s | 数据量: 0.3KB | 总耗时: 1.16s | 证书: 有效
[2026-10-09 09:19:44] 🚫 未达阈值 HTTP测速: http://stream3.jlntv.cn:80/aac_thxgb/playlist.m3u8
   速度: 89.84KB/s | 数据量: 0.1KB | 总耗时: 0.48s | 阈值: 120KB/s
[2026-10-09 09:19:44] ✅ HTTPS测速成功: https://ls.qingting.fm/live/1099/64k.m3u8
   速度: 771.48KB/s | 数据量: 0.8KB | 总耗时: 0.71s | 证书: 有效
[2026-10-09 09:19:44] ✅ HTTPS测速成功: https://play.kankanlive.com/live/1683944827526991.m3u8
   速度: 250.00KB/s | 数据量: 0.2KB | 总耗时: 0.69s | 证书: 有效
[2026-10-09 09:19:45] ✅ HTTPS测速成功: https://stream.jmtv.com.cn/xwzh/playlist.m3u8?_upt=3e28e7271664278691
   速度: 68.36KB/s | 数据量: 0.1KB | 总耗时: 0.82s | 证书: 有效
[2026-10-09 09:19:45] ✅ 通过阈值 HTTP测速: http://jwplay.hebyun.com.cn/live/xtsrmtzs/1500k/tzwj_video.m3u8
   速度: 525.39KB/s | 数据量: 0.5KB | 总耗时: 0.48s | 阈值: 120KB/s
[2026-10-09 09:19:45] ✅ HTTPS测速成功: https://jwcdnqx.hebyun.com.cn/live/xtcsshpd/1500k/tzwj_video.m3u8
   速度: 518.55KB/s | 数据量: 0.5KB | 总耗时: 0.68s | 证书: 有效
[2026-10-09 09:19:45] ✅ HTTPS测速成功: https://liveplay-srs.voc.com.cn/hls/tv/183_554704.m3u8
   速度: 495.12KB/s | 数据量: 0.5KB | 总耗时: 1.12s | 证书: 有效
[2026-10-09 09:19:45] ✅ HTTPS测速成功: https://jwplay.hebyun.com.cn:443/live/xtsrmtzs/1500k/tzwj_video.m3u8
   速度: 525.39KB/s | 数据量: 0.5KB | 总耗时: 0.71s | 证书: 有效
[2026-10-09 09:19:45] ✅ HTTPS测速成功: https://zb-live.ynurl.com/tonghai/3bfe3a9e-48e6-4c1e-8770-1df66447cc6c.m3u8
   速度: 381.84KB/s | 数据量: 0.4KB | 总耗时: 0.80s | 证书: 有效
[2026-10-09 09:19:46] ✅ HTTPS测速成功: https://jwcdnqx.hebyun.com.cn/live/hdgg/1500k/tzwj_video.m3u8
   速度: 149.41KB/s | 数据量: 0.1KB | 总耗时: 0.65s | 证书: 有效
[2026-10-09 09:19:46] ✅ HTTPS测速成功: https://jwcdnqx.hebyun.com.cn/live/hdxwzh/1500k/tzwj_video.m3u8
   速度: 485.35KB/s | 数据量: 0.5KB | 总耗时: 0.65s | 证书: 有效
[2026-10-09 09:19:46] ✅ HTTPS测速成功: https://m3u8channel-yj.yunxya.com/nmip-media/channellive/channel101140/playlist.m3u8
   速度: 271.48KB/s | 数据量: 0.3KB | 总耗时: 1.21s | 证书: 有效
[2026-10-09 09:19:46] 🚫 未达阈值 HTTP测速: http://183.64.174.171:40123/ch1.m3u8?zzhongqd
   速度: 0.53KB/s | 数据量: 0.1KB | 总耗时: 0.70s | 阈值: 120KB/s
[2026-10-09 09:19:46] ✅ HTTPS测速成功: https://jwcdnqx.hebyun.com.cn/live/hdkj/1500k/tzwj_video.m3u8
   速度: 477.54KB/s | 数据量: 0.5KB | 总耗时: 0.71s | 证书: 有效
[2026-10-09 09:19:46] ✅ HTTPS测速成功: https://satellitepull.cnr.cn/live/wxcqxwgb/playlist.m3u8
   速度: 315.43KB/s | 数据量: 0.3KB | 总耗时: 0.59s | 证书: 有效
[2026-10-09 09:19:46] ✅ HTTPS测速成功: https://ls.qingting.fm/live/21303/64k.m3u8
   速度: 779.30KB/s | 数据量: 0.8KB | 总耗时: 0.69s | 证书: 有效
[2026-10-09 09:19:46] ✅ 通过阈值 HTTP测速: http://ls.qingting.fm/live/1222.m3u8
   速度: 779.30KB/s | 数据量: 0.8KB | 总耗时: 0.68s | 阈值: 120KB/s
[2026-10-09 09:19:46] ✅ 通过阈值 HTTP测速: http://qcfile.qcrmt.com/nmip-media/channellive/channel100933/playlist.m3u8
   速度: 265.62KB/s | 数据量: 0.3KB | 总耗时: 0.57s | 阈值: 120KB/s
[2026-10-09 09:19:46] ✅ 通过阈值 HTTP测速: http://ls.qingting.fm/live/23797.m3u8
   速度: 779.30KB/s | 数据量: 0.8KB | 总耗时: 0.42s | 阈值: 120KB/s
[2026-10-09 09:19:47] ✅ HTTPS测速成功: https://0472.org/hls/cgtnd.m3u8
   速度: 125.98KB/s | 数据量: 0.1KB | 总耗时: 0.09s | 证书: 有效
[2026-10-09 09:19:47] ✅ 通过阈值 HTTP测速: http://stream8.jlntv.cn/cbstv/sd/live.m3u8?zjild
   速度: 492.19KB/s | 数据量: 0.5KB | 总耗时: 1.06s | 阈值: 120KB/s
[2026-10-09 09:19:47] ✅ 通过阈值 HTTP测速: http://hplayer1.juyun.tv:80/camera/11344136.m3u8
   速度: 238.28KB/s | 数据量: 0.2KB | 总耗时: 1.08s | 阈值: 120KB/s
[2026-10-09 09:19:47] 🚫 未达阈值 HTTP测速: http://stream9.jlntv.cn:80/aac_longjinggb/playlist.m3u8
   速度: 90.82KB/s | 数据量: 0.1KB | 总耗时: 0.48s | 阈值: 120KB/s
[2026-10-09 09:19:47] ✅ HTTPS测速成功: https://ls.qingting.fm/live/4974/64k.m3u8
   速度: 771.48KB/s | 数据量: 0.8KB | 总耗时: 0.66s | 证书: 有效
[2026-10-09 09:19:47] ✅ 通过阈值 HTTP测速: http://stream5.jlntv.cn/df/sd/live.m3u8?zjild
   速度: 463.87KB/s | 数据量: 0.5KB | 总耗时: 0.47s | 阈值: 120KB/s
[2026-10-09 09:19:47] 🚫 未达阈值 HTTP测速: http://stream9.jlntv.cn:80/aac_jygb/playlist.m3u8
   速度: 89.84KB/s | 数据量: 0.1KB | 总耗时: 1.54s | 阈值: 120KB/s
[2026-10-09 09:19:47] ✅ 通过阈值 HTTP测速: http://ali-m-l.cztv.com/channels/lantian/channel012/1080p.m3u8
   速度: 291.99KB/s | 数据量: 0.3KB | 总耗时: 0.39s | 阈值: 120KB/s
[2026-10-09 09:19:47] ✅ 通过阈值 HTTP测速: http://newcntv.qcloudcdn.com/asp/hls/4000/0303000a/3/default/2bdfdad540b342f592f9817cb7f3b79a/4000.m3u8
   速度: 7620.12KB/s | 数据量: 7.6KB | 总耗时: 0.83s | 阈值: 120KB/s
[2026-10-09 09:19:47] ✅ 通过阈值 HTTP测速: http://newcntv.qcloudcdn.com/asp/hls/4000/0303000a/3/default/93fc12dbf14241c18c23da104fbade23/4000.m3u8
   速度: 979.49KB/s | 数据量: 1.0KB | 总耗时: 0.70s | 阈值: 120KB/s
[2026-10-09 09:19:48] ✅ HTTPS测速成功: https://english-livetx.cgtn.com/hls/yypdjlctzb_hd.m3u8
   速度: 402.34KB/s | 数据量: 0.4KB | 总耗时: 0.22s | 证书: 有效
[2026-10-09 09:19:48] ✅ 通过阈值 HTTP测速: http://ls.qingting.fm/live/4877.m3u8
   速度: 779.30KB/s | 数据量: 0.8KB | 总耗时: 2.29s | 阈值: 120KB/s
[2026-10-09 09:19:48] ✅ 通过阈值 HTTP测速: http://newcntv.qcloudcdn.com/asp/hls/1200/0303000a/3/default/1425e1d505654cb48ba82b807b221193/1200.m3u8
   速度: 4116.21KB/s | 数据量: 4.1KB | 总耗时: 0.45s | 阈值: 120KB/s
[2026-10-09 09:19:48] ✅ 通过阈值 HTTP测速: http://stream5.jlntv.cn/sl/sd/live.m3u8?zjild
   速度: 478.52KB/s | 数据量: 0.5KB | 总耗时: 0.51s | 阈值: 120KB/s
[2026-10-09 09:19:48] ✅ 通过阈值 HTTP测速: http://newcntv.qcloudcdn.com/asp/hls/1200/0303000a/3/default/c6baf6f74bb944aeacee1065ea72c798/1200.m3u8
   速度: 4420.90KB/s | 数据量: 4.4KB | 总耗时: 0.46s | 阈值: 120KB/s
[2026-10-09 09:19:48] ✅ HTTPS测速成功: https://ali-m-l.cztv.com/channels/lantian/channel12/720p.m3u8
   速度: 289.06KB/s | 数据量: 0.3KB | 总耗时: 0.59s | 证书: 有效
[2026-10-09 09:19:48] ✅ HTTPS测速成功: https://play.yunxya.com/channellive/xinwen.m3u8
   速度: 363.28KB/s | 数据量: 0.4KB | 总耗时: 1.20s | 证书: 有效
[2026-10-09 09:19:48] ✅ HTTPS测速成功: https://ali-m-l.cztv.com/channels/lantian/channel012/1080p.m3u8
   速度: 291.99KB/s | 数据量: 0.3KB | 总耗时: 0.58s | 证书: 有效
[2026-10-09 09:19:48] ✅ 通过阈值 HTTP测速: http://stream10.jlntv.cn/huadian/sd/live.m3u8?zjild
   速度: 370.12KB/s | 数据量: 0.4KB | 总耗时: 0.49s | 阈值: 120KB/s
[2026-10-09 09:19:48] ✅ 通过阈值 HTTP测速: http://stream5.jlntv.cn/lh/sd/live.m3u8?zjild
   速度: 463.87KB/s | 数据量: 0.5KB | 总耗时: 0.72s | 阈值: 120KB/s
[2026-10-09 09:19:48] ✅ 通过阈值 HTTP测速: http://222.179.155.21:1935/ch1.m3u8?zzhongqd
   速度: 405.27KB/s | 数据量: 0.4KB | 总耗时: 0.44s | 阈值: 120KB/s
[2026-10-09 09:19:49] ✅ HTTPS测速成功: https://liveout.btzx.com.cn/62ds9e/6o77s4.m3u8?zxinjd
   速度: 266.60KB/s | 数据量: 0.3KB | 总耗时: 0.90s | 证书: 有效
[2026-10-09 09:19:50] ✅ HTTPS测速成功: https://hls.cntv.lxdns.com/asp/hls/2000/0303000a/3/default/f0a47e155d32450daa1d36a04fd7d262/2000.m3u8
   速度: 5388.67KB/s | 数据量: 5.4KB | 总耗时: 0.62s | 证书: 有效
[2026-10-09 09:19:50] ✅ HTTPS测速成功: https://epg.pw/stream/f7556eccd4ae06b0c2991fdc7a4f8388496559f728cc82459a8e50346040e226.m3u8
   速度: 124.02KB/s | 数据量: 0.1KB | 总耗时: 0.35s | 证书: 有效
[2026-10-09 09:19:50] ✅ HTTPS测速成功: https://newcntv.qcloudcdn.com/asp/hls/2000/0303000a/3/default/d2454bbb542d4613a9db478dab2addfd/2000.m3u8
   速度: 5678.71KB/s | 数据量: 5.7KB | 总耗时: 0.93s | 证书: 有效
[2026-10-09 09:19:50] ✅ HTTPS测速成功: https://epg.pw/stream/866a097a0907c9832440f8df38272dd555abf05200dfbafcc137e214c9b30ca7.m3u8
   速度: 124.02KB/s | 数据量: 0.1KB | 总耗时: 0.20s | 证书: 有效
[2026-10-09 09:19:50] ✅ 通过阈值 HTTP测速: http://stream8.jlntv.cn/hctv/sd/live.m3u8?zjild
   速度: 472.66KB/s | 数据量: 0.5KB | 总耗时: 2.20s | 阈值: 120KB/s
[2026-10-09 09:19:50] 🚫 未达阈值 HTTP测速: http://stream8.jlntv.cn/baishan2/playlist.m3u8?zjild
   速度: 90.82KB/s | 数据量: 0.1KB | 总耗时: 2.20s | 阈值: 120KB/s
[2026-10-09 09:19:50] ✅ 通过阈值 HTTP测速: http://stream8.jlntv.cn/ljtv/sd/live.m3u8?zjild
   速度: 472.66KB/s | 数据量: 0.5KB | 总耗时: 1.54s | 阈值: 120KB/s
[2026-10-09 09:19:50] ✅ 通过阈值 HTTP测速: http://stream8.jlntv.cn/jytv/sd/live.m3u8?zjild
   速度: 472.66KB/s | 数据量: 0.5KB | 总耗时: 1.94s | 阈值: 120KB/s
[2026-10-09 09:19:50] ✅ HTTPS测速成功: https://epg.pw/stream/4f18dfe0593db5c686eb64ae8edaf2a9202d4d46bdc9bbde2cee27708e12ea01.m3u8
   速度: 124.02KB/s | 数据量: 0.1KB | 总耗时: 0.34s | 证书: 有效
[2026-10-09 09:19:50] ✅ 通过阈值 HTTP测速: http://stream5.jlntv.cn/ps/sd/live.m3u8?zjild
   速度: 463.87KB/s | 数据量: 0.5KB | 总耗时: 2.22s | 阈值: 120KB/s
[2026-10-09 09:19:50] ✅ HTTPS测速成功: https://epg.pw/stream/8855a9936e37e608a0ec8a014cce1673dee9c5d68d560da376cc92e5edef2b25.m3u8
   速度: 124.02KB/s | 数据量: 0.1KB | 总耗时: 0.20s | 证书: 有效
[2026-10-09 09:19:50] ✅ 通过阈值 HTTP测速: http://stream5.jlntv.cn/thx/sd/live.m3u8?zjild
   速度: 483.40KB/s | 数据量: 0.5KB | 总耗时: 2.13s | 阈值: 120KB/s
[2026-10-09 09:19:51] ✅ HTTPS测速成功: https://live.264788.xyz/channel/fengyunyinyue?streamid=1b41fb9153cba3ee19bd5d1b323da27e&livekey=01WgOR41rriMmMkzNsd0UoaxJRwetZdxIvtVk
   速度: 280763.40KB/s | 数据量: 7188.8KB | 总耗时: 0.17s | 证书: 有效
[2026-10-09 09:19:51] ✅ 通过阈值 HTTP测速: http://61.221.215.25:8800/hls/49/index.m3u8
   速度: 252.93KB/s | 数据量: 0.3KB | 总耗时: 0.28s | 阈值: 120KB/s
[2026-10-09 09:19:51] ✅ HTTPS测速成功: https://txmov2.a.kwimgs.com/bs3/video-hls/5195746663405928031_hlsb.m3u8
   速度: 10009.33KB/s | 数据量: 149.3KB | 总耗时: 0.09s | 证书: 有效
[2026-10-09 09:19:51] ✅ HTTPS测速成功: https://txmov2.a.kwimgs.com/bs3/video-hls/5216575810935394655_hlsb.m3u8
   速度: 8855.86KB/s | 数据量: 153.8KB | 总耗时: 0.13s | 证书: 有效
[2026-10-09 09:19:51] ✅ HTTPS测速成功: https://satellitepull.cnr.cn/live/wx32nmgyygb/playlist.m3u8
   速度: 318.36KB/s | 数据量: 0.3KB | 总耗时: 0.63s | 证书: 有效
[2026-10-09 09:19:51] ✅ HTTPS测速成功: https://txmov2.a.kwimgs.com/bs3/video-hls/5194620763762726260_hlsb.m3u8
   速度: 1234.75KB/s | 数据量: 157.5KB | 总耗时: 0.41s | 证书: 有效
[2026-10-09 09:19:51] ✅ HTTPS测速成功: https://AMChls.wns.live/hls/stream.m3u8
   速度: 680.66KB/s | 数据量: 0.7KB | 总耗时: 0.50s | 证书: 无效
[2026-10-09 09:19:51] ✅ HTTPS测速成功: https://www.wxhcgbds.com:8081/channelTv/WXTV_1.m3u8?zshanxd
   速度: 2119.14KB/s | 数据量: 2.1KB | 总耗时: 0.88s | 证书: 无效
[2026-10-09 09:19:56] ✅ HTTPS测速成功: https://alimov2.a.kwimgs.com/upic/2023/01/13/22/BMjAyMzAxMTMyMjEwMDNfNDAzMDAxOTlfOTM1MTIzMzYwODJfMF8z_b_B647d10e431b4cc5e48e6c77347d69021.mp4
   速度: 69151.23KB/s | 数据量: 346112.0KB | 总耗时: 5.11s | 证书: 有效
[2026-10-09 09:19:56] ✅ HTTPS测速成功: https://alimov2.a.kwimgs.com/upic/2023/01/13/22/BMjAyMzAxMTMyMjEwMDNfNDAzMDAxOTlfOTM1MTIzMzYxMjNfMF8z_b_B3dde97f36273f04403d4dc5eec611a35.mp4
   速度: 71710.11KB/s | 数据量: 359424.0KB | 总耗时: 5.12s | 证书: 有效
[2026-10-09 09:19:56] ✅ HTTPS测速成功: https://alimov2.a.kwimgs.com/upic/2023/01/13/20/BMjAyMzAxMTMyMDA5MjJfNDAzMDAxOTlfOTM0OTkwNDQwNzVfMF8z_b_B811c0dec6b9a3d3074a18522c185010a.mp4
   速度: 69729.39KB/s | 数据量: 349184.0KB | 总耗时: 5.08s | 证书: 有效
[2026-10-09 09:19:56] ✅ HTTPS测速成功: https://alimov2.a.kwimgs.com/upic/2023/01/13/22/BMjAyMzAxMTMyMjEwMDNfNDAzMDAxOTlfOTM1MTIzMzYxNTJfMF8z_b_Bd841eae10ab1c9955ef55fbedfae6c45.mp4
   速度: 70340.66KB/s | 数据量: 352256.0KB | 总耗时: 5.08s | 证书: 有效
[2026-10-09 09:19:56] ✅ HTTPS测速成功: https://alimov2.a.kwimgs.com/upic/2023/01/13/21/BMjAyMzAxMTMyMTE4MzRfNDAzMDAxOTlfOTM1MDY4ODIxMTNfMF8z_b_Bdddf4e7ef0ff6cfd477857bb40e78419.mp4
   速度: 68891.91KB/s | 数据量: 345088.0KB | 总耗时: 5.10s | 证书: 有效
[2026-10-09 09:19:56] ✅ HTTPS测速成功: https://alimov2.a.kwimgs.com/upic/2023/01/13/20/BMjAyMzAxMTMyMDA5MjJfNDAzMDAxOTlfOTM0OTkwNDQyMDFfMF8z_b_B70592cb7c4054e9cabb675e849bbf4bd.mp4
   速度: 68144.91KB/s | 数据量: 340992.0KB | 总耗时: 5.11s | 证书: 有效
[2026-10-09 09:19:56] ✅ HTTPS测速成功: https://alimov2.a.kwimgs.com/upic/2023/01/13/21/BMjAyMzAxMTMyMTE4MzRfNDAzMDAxOTlfOTM1MDY4ODIxNDdfMF8z_b_Ba6271d10b7e6cfae83759033a091f257.mp4
   速度: 69605.94KB/s | 数据量: 348160.0KB | 总耗时: 5.09s | 证书: 有效
[2026-10-09 09:19:57] ✅ HTTPS测速成功: https://alimov2.a.kwimgs.com/upic/2023/01/14/23/BMjAyMzAxMTQyMzQxNDdfNDAzMDAxOTlfOTM2MTU0MTk1NDFfMF8z_b_B182749d2cd2ea9323639254af385f24b.mp4
   速度: 69176.62KB/s | 数据量: 346112.0KB | 总耗时: 5.10s | 证书: 有效
[2026-10-09 09:19:58] ✅ HTTPS测速成功: https://live.metshop.top/huya/29465858
   速度: 722.93KB/s | 数据量: 5120.0KB | 总耗时: 8.03s | 证书: 有效
[2026-10-09 09:20:01] ✅ HTTPS测速成功: https://alimov2.a.kwimgs.com/upic/2023/01/13/21/BMjAyMzAxMTMyMTE4MzRfNDAzMDAxOTlfOTM1MDY4ODIxOTVfMF8z_b_B86c4430b82ff5a7f4e8132f6ee558536.mp4
   速度: 71013.95KB/s | 数据量: 355328.0KB | 总耗时: 5.09s | 证书: 有效
[2026-10-09 09:20:01] ✅ HTTPS测速成功: https://alimov2.a.kwimgs.com/upic/2023/01/13/20/BMjAyMzAxMTMyMDA5MjJfNDAzMDAxOTlfOTM0OTkwNDQzMjNfMF8z_b_B00b069c7899976459ceeaa99353dfefe.mp4
   速度: 71394.32KB/s | 数据量: 357376.0KB | 总耗时: 5.08s | 证书: 有效
[2026-10-09 09:20:01] ✅ HTTPS测速成功: https://alimov2.a.kwimgs.com/upic/2023/01/13/20/BMjAyMzAxMTMyMDA5MjJfNDAzMDAxOTlfOTM0OTkwNDQ0MjlfMF8z_b_B8818807a00eed329a69fb494f405bd43.mp4
   速度: 73690.23KB/s | 数据量: 368640.0KB | 总耗时: 5.08s | 证书: 有效
[2026-10-09 09:20:01] ✅ HTTPS测速成功: https://alimov2.a.kwimgs.com/upic/2023/01/13/20/BMjAyMzAxMTMyMDA5MjJfNDAzMDAxOTlfOTM0OTkwNDQyMzhfMF8z_b_B35ad7cc86aec8fc9e5ddfb31fc7bed63.mp4
   速度: 35485.10KB/s | 数据量: 189440.0KB | 总耗时: 5.43s | 证书: 有效
[2026-10-09 09:20:02] ✅ HTTPS测速成功: https://alimov2.a.kwimgs.com/upic/2023/01/13/20/BMjAyMzAxMTMyMDA5MjJfNDAzMDAxOTlfOTM0OTkwNDQzOTBfMF8z_b_B29a36a85e0277f6c2a1f033ef7c10708.mp4
   速度: 47774.17KB/s | 数据量: 262144.0KB | 总耗时: 5.57s | 证书: 有效
[2026-10-09 09:20:02] ✅ HTTPS测速成功: https://alimov2.a.kwimgs.com/upic/2023/01/13/20/BMjAyMzAxMTMyMDA5MjJfNDAzMDAxOTlfOTM0OTkwNDQ1NjNfMF8z_b_B4fea55408dca4471a68a963ae096be59.mp4
   速度: 48868.82KB/s | 数据量: 278528.0KB | 总耗时: 5.78s | 证书: 有效
[2026-10-09 09:20:02] ✅ HTTPS测速成功: https://alimov2.a.kwimgs.com/upic/2023/01/13/20/BMjAyMzAxMTMyMDA5MjJfNDAzMDAxOTlfOTM0OTkwNDQyNzlfMF8z_b_Bbc3703fc331dc994c50859c19aad28ff.mp4
   速度: 58118.10KB/s | 数据量: 355328.0KB | 总耗时: 6.19s | 证书: 有效
[2026-10-09 09:20:02] ✅ HTTPS测速成功: https://alimov2.a.kwimgs.com/upic/2023/01/06/16/BMjAyMzAxMDYxNjMxMTNfNDAzMDAxOTlfOTI4OTY2ODAzNjlfMF8z_b_Bdee65c77f9e7b2120a185c919dad81d2.mp4
   速度: 45354.55KB/s | 数据量: 253952.0KB | 总耗时: 5.69s | 证书: 有效
[2026-10-09 09:20:03] ✅ 通过阈值 HTTP测速: http://tvcdn.stream3.hndt.com/tv/65bb6966017e100059b75a8500000000_transios/playlist.m3u8?wsSecret=a7e34b9982ee6c0078185d4c687659d6&wsTime=1791522201
   速度: 349.61KB/s | 数据量: 0.3KB | 总耗时: 1.19s | 阈值: 120KB/s
[2026-10-09 09:20:03] ✅ 通过阈值 HTTP测速: http://tvcdn.stream3.hndt.com/tv/65c3fbc5017e1000fde13faa00000000_transios/playlist.m3u8?wsSecret=9141c9f94634cb36971571e711eee212&wsTime=1791522201
   速度: 349.61KB/s | 数据量: 0.3KB | 总耗时: 1.04s | 阈值: 120KB/s
[2026-10-09 09:20:03] ✅ 通过阈值 HTTP测速: http://tvcdn.stream3.hndt.com/tv/65c4a6d5017e1000b2b6ea2500000000_transios/playlist.m3u8?wsSecret=2821d1d8d2474eb4c1238922b4bbc415&wsTime=1791522201
   速度: 349.61KB/s | 数据量: 0.3KB | 总耗时: 1.77s | 阈值: 120KB/s
[2026-10-09 09:20:03] ✅ 通过阈值 HTTP测速: http://tvcdn.stream3.hndt.com/tv/65b8302b017e100019dc540f00000000_transios/playlist.m3u8?wsSecret=61703be8a4d577011fd0ff479a3eeb5c&wsTime=1791522201
   速度: 347.66KB/s | 数据量: 0.3KB | 总耗时: 0.55s | 阈值: 120KB/s
[2026-10-09 09:20:03] ✅ 通过阈值 HTTP测速: http://tvcdn.stream3.hndt.com/tv/65bef28a017e10009c49d5f900000000_transios/playlist.m3u8?wsSecret=c268afd368e9b4140310dab6c48a5c3b&wsTime=1791522201
   速度: 347.66KB/s | 数据量: 0.3KB | 总耗时: 1.04s | 阈值: 120KB/s
[2026-10-09 09:20:03] ✅ 通过阈值 HTTP测速: http://tvcdn.stream3.hndt.com/tv/65be54a9017e1000af59fb4800000000_transios/playlist.m3u8?wsSecret=96191d3c6a50d0a513e2b1bd04da5b42&wsTime=1791522201
   速度: 349.61KB/s | 数据量: 0.3KB | 总耗时: 1.04s | 阈值: 120KB/s
[2026-10-09 09:20:03] ✅ HTTPS测速成功: https://svip.high24-playback.com/20250129/17159_7bca93c4/2000k/hls/mixed.m3u8
   速度: 396.48KB/s | 数据量: 0.4KB | 总耗时: 1.27s | 证书: 有效
[2026-10-09 09:20:03] ✅ 通过阈值 HTTP测速: http://tvcdn.stream3.hndt.com/tv/65b93894017e10000ae6b07d00000000_transios/playlist.m3u8?wsSecret=94601804520894ec60b1171ae38fa6a0&wsTime=1791522201
   速度: 348.63KB/s | 数据量: 0.3KB | 总耗时: 1.04s | 阈值: 120KB/s
[2026-10-09 09:20:03] ✅ HTTPS测速成功: https://alimov2.a.kwimgs.com/upic/2023/01/06/16/BMjAyMzAxMDYxNjMxMTRfNDAzMDAxOTlfOTI4OTY2ODE2MTBfMF8z_b_B11a778e34390a21de42d407e94f45b91.mp4
   速度: 102097.48KB/s | 数据量: 510976.0KB | 总耗时: 5.10s | 证书: 有效
[2026-10-09 09:20:04] ✅ 通过阈值 HTTP测速: http://tvcdn.stream3.hndt.com/tv/65bd329b017e1000648cd2ed00000000_transios/playlist.m3u8?wsSecret=205a14cf09a17ba65adb64f872d98f50&wsTime=1791522201
   速度: 349.61KB/s | 数据量: 0.3KB | 总耗时: 1.04s | 阈值: 120KB/s
[2026-10-09 09:20:04] ✅ 通过阈值 HTTP测速: http://tvcdn.stream3.hndt.com/tv/65ba653b017e1000d4ee41c700000000_transios/playlist.m3u8?wsSecret=cc15b3806831536595f82de88ed7e22a&wsTime=1791522201
   速度: 348.63KB/s | 数据量: 0.3KB | 总耗时: 0.54s | 阈值: 120KB/s
[2026-10-09 09:20:04] ✅ 通过阈值 HTTP测速: http://219.147.245.238:25480/newlive/live/hls/1/live.m3u8
   速度: 232.42KB/s | 数据量: 0.2KB | 总耗时: 0.59s | 阈值: 120KB/s
[2026-10-09 09:20:04] ✅ 通过阈值 HTTP测速: http://173.208.212.130:8181/720p/cctv2.m3u8
   速度: 205.08KB/s | 数据量: 0.2KB | 总耗时: 0.21s | 阈值: 120KB/s
[2026-10-09 09:20:04] ✅ 通过阈值 HTTP测速: http://120.40.39.246:352/newlive/live/hls/1/live.m3u8
   速度: 232.42KB/s | 数据量: 0.2KB | 总耗时: 0.76s | 阈值: 120KB/s
[2026-10-09 09:20:04] ✅ HTTPS测速成功: https://p2.bdstatic.com/rtmp.liveshow.lss-user.baidubce.com/live/stream_bduid_6488563992_8982723413/merged_1707497046297_88536_25144_41936.m3u8
   速度: 240.22KB/s | 数据量: 103.6KB | 总耗时: 1.07s | 证书: 有效
[2026-10-09 09:20:04] ✅ 通过阈值 HTTP测速: http://113.57.140.161:10081/newlive/live/hls/2/live.m3u8
   速度: 232.42KB/s | 数据量: 0.2KB | 总耗时: 0.38s | 阈值: 120KB/s
[2026-10-09 09:20:04] ✅ 通过阈值 HTTP测速: http://tvcdn.stream3.hndt.com/tv/647f9277018410008cf925e200000000_transios/playlist.m3u8?wsSecret=5f5c05657ce49aa5e34ba5aa32440087&wsTime=1791522201
   速度: 349.61KB/s | 数据量: 0.3KB | 总耗时: 1.05s | 阈值: 120KB/s
[2026-10-09 09:20:04] ✅ 通过阈值 HTTP测速: http://38.75.136.137:98/gslb/dsdqbv/cctv5hd.m3u8?auth=test20251009
   速度: 205.08KB/s | 数据量: 0.2KB | 总耗时: 0.12s | 阈值: 120KB/s
[2026-10-09 09:20:04] ✅ 通过阈值 HTTP测速: http://74.91.26.218:82/live/cctv4hd.m3u8
   速度: 205.08KB/s | 数据量: 0.2KB | 总耗时: 0.20s | 阈值: 120KB/s
[2026-10-09 09:20:05] ✅ 通过阈值 HTTP测速: http://173.208.212.130:8181/1080p/cctv6.m3u8
   速度: 205.08KB/s | 数据量: 0.2KB | 总耗时: 0.20s | 阈值: 120KB/s
[2026-10-09 09:20:05] ✅ HTTPS测速成功: https://dxtx.hntv.tv/live/wssj.m3u8?txSecret=c38b4d31ba4c45c6babb5c47132123e3&txTime=7ABB976A&wsSecret=2eae8c15713c03bd0dcdea7dbeab29e9&wsTime=1791522201
   速度: 280.27KB/s | 数据量: 0.3KB | 总耗时: 0.89s | 证书: 有效
[2026-10-09 09:20:05] ✅ HTTPS测速成功: https://dxtx.hntv.tv/live/jczy.m3u8?txSecret=e785008e49564e5e738439b4dd2ae68e&txTime=7C4C6207&wsSecret=e290f9a721937340729d306e9fe33005&wsTime=1791522201
   速度: 280.27KB/s | 数据量: 0.3KB | 总耗时: 0.87s | 证书: 有效
[2026-10-09 09:20:05] ✅ HTTPS测速成功: https://dxtx.hntv.tv/live/wwbk.m3u8?txSecret=317b89626134fd6bea6e129455b5ff18&txTime=7C4C635C&wsSecret=eb548a84df9290a3eebc9866e14df413&wsTime=1791522201
   速度: 280.27KB/s | 数据量: 0.3KB | 总耗时: 0.91s | 证书: 有效
[2026-10-09 09:20:05] ✅ 通过阈值 HTTP测速: http://198.204.228.26/live/cctv2hd.m3u8
   速度: 164.06KB/s | 数据量: 0.2KB | 总耗时: 0.78s | 阈值: 120KB/s
[2026-10-09 09:20:05] ✅ 通过阈值 HTTP测速: http://219.147.245.238:25480/newlive/live/hls/3/live.m3u8
   速度: 232.42KB/s | 数据量: 0.2KB | 总耗时: 0.71s | 阈值: 120KB/s
[2026-10-09 09:20:05] ✅ 通过阈值 HTTP测速: http://113.57.140.161:10081/newlive/live/hls/7/live.m3u8
   速度: 232.42KB/s | 数据量: 0.2KB | 总耗时: 0.39s | 阈值: 120KB/s
[2026-10-09 09:20:05] ✅ 通过阈值 HTTP测速: http://74.91.26.218:82/live/cctv8hd.m3u8
   速度: 208.98KB/s | 数据量: 0.2KB | 总耗时: 0.21s | 阈值: 120KB/s
[2026-10-09 09:20:05] ✅ 通过阈值 HTTP测速: http://207.56.13.146:81/cdnlive/cctv4.m3u8
   速度: 188.48KB/s | 数据量: 0.2KB | 总耗时: 1.01s | 阈值: 120KB/s
[2026-10-09 09:20:05] ✅ 通过阈值 HTTP测速: http://120.198.86.186:9901/tsfile/live/1028_1.m3u8?key=txiptv&playlive=1&authid=0
   速度: 422.85KB/s | 数据量: 0.4KB | 总耗时: 0.41s | 阈值: 120KB/s
[2026-10-09 09:20:05] ✅ 通过阈值 HTTP测速: http://198.204.228.26/live/cctv6hd.m3u8
   速度: 164.06KB/s | 数据量: 0.2KB | 总耗时: 0.79s | 阈值: 120KB/s
[2026-10-09 09:20:05] ✅ 通过阈值 HTTP测速: http://207.56.13.146:81/cdnlive/cctv5.m3u8
   速度: 187.50KB/s | 数据量: 0.2KB | 总耗时: 1.01s | 阈值: 120KB/s
[2026-10-09 09:20:05] ✅ 通过阈值 HTTP测速: http://173.208.212.130:8181/720p/cctv8.m3u8
   速度: 208.98KB/s | 数据量: 0.2KB | 总耗时: 0.20s | 阈值: 120KB/s
[2026-10-09 09:20:05] ✅ 通过阈值 HTTP测速: http://173.208.212.130:8181/720p/cctv6.m3u8
   速度: 187.50KB/s | 数据量: 0.2KB | 总耗时: 0.82s | 阈值: 120KB/s
[2026-10-09 09:20:05] ✅ 通过阈值 HTTP测速: http://74.91.26.218:82/live/cctv7hd.m3u8
   速度: 188.48KB/s | 数据量: 0.2KB | 总耗时: 0.80s | 阈值: 120KB/s
[2026-10-09 09:20:06] ✅ 通过阈值 HTTP测速: http://63.141.230.178:82/gslb/zbdq5.m3u8?id=cctv8k
   速度: 206.05KB/s | 数据量: 0.2KB | 总耗时: 0.31s | 阈值: 120KB/s
[2026-10-09 09:20:06] ✅ 通过阈值 HTTP测速: http://38.75.136.137:98/gslb/dsdqbv/cctv12hd.m3u8?auth=test20251009
   速度: 204.10KB/s | 数据量: 0.2KB | 总耗时: 0.12s | 阈值: 120KB/s
[2026-10-09 09:20:06] ✅ 通过阈值 HTTP测速: http://74.91.26.218:82/live/cctv10hd.m3u8
   速度: 208.01KB/s | 数据量: 0.2KB | 总耗时: 0.20s | 阈值: 120KB/s
[2026-10-09 09:20:06] ✅ 通过阈值 HTTP测速: http://113.57.140.161:10081/newlive/live/hls/10/live.m3u8
   速度: 232.42KB/s | 数据量: 0.2KB | 总耗时: 0.42s | 阈值: 120KB/s
[2026-10-09 09:20:06] ✅ 通过阈值 HTTP测速: http://38.75.136.137:98/gslb/dsdqbv/cctv14hd.m3u8?auth=test20251009
   速度: 204.10KB/s | 数据量: 0.2KB | 总耗时: 0.11s | 阈值: 120KB/s
[2026-10-09 09:20:06] ✅ 通过阈值 HTTP测速: http://207.56.13.146:81/cdnlive/cctv7.m3u8
   速度: 188.48KB/s | 数据量: 0.2KB | 总耗时: 1.12s | 阈值: 120KB/s
[2026-10-09 09:20:06] ✅ 通过阈值 HTTP测速: http://113.57.140.161:10081/newlive/live/hls/12/live.m3u8
   速度: 232.42KB/s | 数据量: 0.2KB | 总耗时: 0.40s | 阈值: 120KB/s
[2026-10-09 09:20:06] ✅ 通过阈值 HTTP测速: http://204.12.221.218:8181/3m1080p/cctv14.m3u8
   速度: 211.91KB/s | 数据量: 0.2KB | 总耗时: 0.30s | 阈值: 120KB/s
[2026-10-09 09:20:06] ✅ 通过阈值 HTTP测速: http://173.208.212.130:8181/1080p/cctv14.m3u8
   速度: 211.91KB/s | 数据量: 0.2KB | 总耗时: 0.20s | 阈值: 120KB/s
[2026-10-09 09:20:06] ✅ 通过阈值 HTTP测速: http://207.56.13.146:81/cdnlive/cctv8.m3u8
   速度: 187.50KB/s | 数据量: 0.2KB | 总耗时: 1.01s | 阈值: 120KB/s
[2026-10-09 09:20:06] ✅ 通过阈值 HTTP测速: http://192.151.150.154/live/cctv9hd.m3u8
   速度: 187.50KB/s | 数据量: 0.2KB | 总耗时: 0.66s | 阈值: 120KB/s
[2026-10-09 09:20:06] ✅ 通过阈值 HTTP测速: http://74.91.26.218:82/live/cctv14hd.m3u8
   速度: 211.91KB/s | 数据量: 0.2KB | 总耗时: 0.20s | 阈值: 120KB/s
[2026-10-09 09:20:06] ✅ 通过阈值 HTTP测速: http://hlsztemgsplive.miguvideo.com:8080/wd_r2/cctv/cctv4hd/600/index.m3u8?msisdn=202610082201111dbf3bafa93340a6a546f076fcb0fc97&mdspid=&spid=699004&netType=0&sid=5500346947&pid=2028597139&timestamp=20261008220111&Channel_ID=0116_2600000900-99000-201600010010027&ProgramID=631780421&ParentNodeID=-99&assertID=5500346947&client_ip=171.8.79.254&SecurityKey=20261008220111&promotionId=&mvid=5101064235&mcid=500020&playurlVersion=WX-A1-9.9.2-SNAPSHOT&userid=&jmhm=&videocodec=h264&appCode=miguvideo_android&bean=mgspad&tid=android&conFee=0&encrypt=f20730ec860cf82dd4f91d0d9588da4b
   速度: 7310.55KB/s | 数据量: 7.3KB | 总耗时: 0.11s | 阈值: 120KB/s
[2026-10-09 09:20:06] ✅ 通过阈值 HTTP测速: http://hlsztemgsplive.miguvideo.com:8080/wd_r2/2018/ocn/cctv10hd/1000/index.m3u8?msisdn=20261008220132a2690d69a3cb4d83a3fd6e0b8ddff47e&mdspid=&spid=699004&netType=0&sid=5500212874&pid=2028597139&timestamp=20261008220132&Channel_ID=0116_2600000900-99000-201600010010027&ProgramID=624878405&ParentNodeID=-99&assertID=5500212874&client_ip=171.8.79.254&SecurityKey=20261008220132&promotionId=&mvid=5100001696&mcid=500020&playurlVersion=WX-A1-9.9.2-SNAPSHOT&userid=&jmhm=&videocodec=h264&appCode=miguvideo_android&bean=mgspad&tid=android&conFee=0&encrypt=211438001e754b37872b8b627e1d77c2
   速度: 7310.55KB/s | 数据量: 7.3KB | 总耗时: 0.22s | 阈值: 120KB/s
[2026-10-09 09:20:06] ✅ 通过阈值 HTTP测速: http://hlsztemgsplive.miguvideo.com:8080/migu/kailu/20200324/cctv12hd/50/index.m3u8?msisdn=20261008220258c43ab33a23674252871abbf8ecb7f60b&mdspid=&spid=699004&netType=0&sid=5501083627&pid=2028597139&timestamp=20261008220258&Channel_ID=0116_2600000900-99000-201600010010027&ProgramID=673168185&ParentNodeID=-99&assertID=5501083627&client_ip=171.8.79.254&SecurityKey=20261008220258&promotionId=&mvid=5102910389&mcid=500020&playurlVersion=WX-A1-9.9.2-SNAPSHOT&userid=&jmhm=&videocodec=h264&appCode=miguvideo_android&bean=mgspad&tid=android&conFee=0&encrypt=fd6ddfcd8d17c1cf02046cf041fc61a9
   速度: 7310.55KB/s | 数据量: 7.3KB | 总耗时: 0.22s | 阈值: 120KB/s
[2026-10-09 09:20:06] ✅ 通过阈值 HTTP测速: http://hlsztemgsplive.miguvideo.com:8080/wd_r2/2018/ocn/cctv8hd/1000/index.m3u8?msisdn=20261008220258983aac76ec5c43a393eae7966fe4b7e2&mdspid=&spid=699004&netType=0&sid=5500212868&pid=2028597139&timestamp=20261008220258&Channel_ID=0116_2600000900-99000-201600010010027&ProgramID=624878356&ParentNodeID=-99&assertID=5500212868&client_ip=171.8.79.254&SecurityKey=20261008220258&promotionId=&mvid=5100001695&mcid=500020&playurlVersion=WX-A1-9.9.2-SNAPSHOT&userid=&jmhm=&videocodec=h264&appCode=miguvideo_android&bean=mgspad&tid=android&conFee=0&encrypt=8542dadf7b08f0ea282ab712ec8155e8
   速度: 7310.55KB/s | 数据量: 7.3KB | 总耗时: 0.16s | 阈值: 120KB/s
[2026-10-09 09:20:06] ✅ 通过阈值 HTTP测速: http://hlsztemgsplive.miguvideo.com:8080/migu/kailu/cctv11hd/50/20200103/index.m3u8?msisdn=20261008220258d27a68bf818943c9959c473227d8120b&mdspid=&spid=699004&netType=0&sid=5500988610&pid=2028597139&timestamp=20261008220258&Channel_ID=0116_2600000900-99000-201600010010027&ProgramID=667987558&ParentNodeID=-99&assertID=5500988610&client_ip=171.8.79.254&SecurityKey=20261008220258&promotionId=&mvid=5102751362&mcid=500020&playurlVersion=WX-A1-9.9.2-SNAPSHOT&userid=&jmhm=&videocodec=h264&appCode=miguvideo_android&bean=mgspad&tid=android&conFee=0&encrypt=81e37a597342401274b42cf3888758b6
   速度: 7310.55KB/s | 数据量: 7.3KB | 总耗时: 0.23s | 阈值: 120KB/s
[2026-10-09 09:20:06] ✅ 通过阈值 HTTP测速: http://113.57.140.161:10081/newlive/live/hls/17/live.m3u8
   速度: 232.42KB/s | 数据量: 0.2KB | 总耗时: 0.39s | 阈值: 120KB/s
[2026-10-09 09:20:06] ✅ 通过阈值 HTTP测速: http://hlsztemgsplive.miguvideo.com:8080/wd_r2/cctv/cctv2hd/600/index.m3u8?msisdn=2026100822010343474175761a4b10b236acc914ce7f0e&mdspid=&spid=699004&netType=0&sid=5500346945&pid=2028597139&timestamp=20261008220103&Channel_ID=0116_2600000900-99000-201600010010027&ProgramID=631780532&ParentNodeID=-99&assertID=5500346945&client_ip=171.8.79.254&SecurityKey=20261008220103&promotionId=&mvid=5101064231&mcid=500020&playurlVersion=WX-A1-9.9.2-SNAPSHOT&userid=&jmhm=&videocodec=h264&appCode=miguvideo_android&bean=mgspad&tid=android&conFee=0&encrypt=258b446b561c73e39a9acd436f3c5d07
   速度: 7310.55KB/s | 数据量: 7.3KB | 总耗时: 0.24s | 阈值: 120KB/s
[2026-10-09 09:20:06] ✅ 通过阈值 HTTP测速: http://hlsztemgsplive.miguvideo.com:8080/wd_r2/2018/ocn/cctv3hd/1000/index.m3u8?msisdn=202610082201074da2c4e63ebe405596072bf49940748c&mdspid=&spid=699004&netType=0&sid=5500212864&pid=2028597139&timestamp=20261008220107&Channel_ID=0116_2600000900-99000-201600010010027&ProgramID=624878271&ParentNodeID=-99&assertID=5500212864&client_ip=171.8.79.254&SecurityKey=20261008220107&promotionId=&mvid=5100001683&mcid=500020&playurlVersion=WX-A1-9.9.2-SNAPSHOT&userid=&jmhm=&videocodec=h264&appCode=miguvideo_android&bean=mgspad&tid=android&conFee=0&encrypt=f05c3b7441c63a1cd9248141f87dd17a
   速度: 7310.55KB/s | 数据量: 7.3KB | 总耗时: 0.25s | 阈值: 120KB/s
[2026-10-09 09:20:06] ✅ 通过阈值 HTTP测速: http://hlsztemgsplive.miguvideo.com:8080/migu/kailu/20200324/cctv4ouhd/50/index.m3u8?msisdn=20261008220259ba576f0ee4f643ed8f56cd6dd0e18e8a&mdspid=&spid=699004&netType=0&sid=2200179315&pid=2028597139&timestamp=20261008220259&Channel_ID=0116_2600000900-99000-201600010010027&ProgramID=608807419&ParentNodeID=-99&assertID=2200179315&client_ip=171.8.79.254&SecurityKey=20261008220259&promotionId=&mvid=2200179315&mcid=500020&playurlVersion=WX-A1-9.9.2-SNAPSHOT&userid=&jmhm=&videocodec=h264&appCode=miguvideo_android&bean=mgspad&tid=android&conFee=0&encrypt=4553c09af4629fff167c24d442a5ce32
   速度: 7310.55KB/s | 数据量: 7.3KB | 总耗时: 0.24s | 阈值: 120KB/s
[2026-10-09 09:20:06] ✅ 通过阈值 HTTP测速: http://hlsztemgsplive.miguvideo.com:8080/migu/kailu/20200324/cctv4meihd/50/index.m3u8?msisdn=20261008220259b0e0f94cab7f4ba392c1087427b0fa19&mdspid=&spid=699004&netType=0&sid=2200179344&pid=2028597139&timestamp=20261008220259&Channel_ID=0116_2600000900-99000-201600010010027&ProgramID=608807416&ParentNodeID=-99&assertID=2200179344&client_ip=171.8.79.254&SecurityKey=20261008220259&promotionId=&mvid=2200179344&mcid=500020&playurlVersion=WX-A1-9.9.2-SNAPSHOT&userid=&jmhm=&videocodec=h264&appCode=miguvideo_android&bean=mgspad&tid=android&conFee=0&encrypt=34006959a6cc6a2dbcd52f49d1409eb8
   速度: 7310.55KB/s | 数据量: 7.3KB | 总耗时: 0.24s | 阈值: 120KB/s
[2026-10-09 09:20:06] ✅ 通过阈值 HTTP测速: http://hlsztemgsplive.miguvideo.com:8080/wd_r2/cctv/cctv1hd/600/index.m3u8?msisdn=20261008220257c5950317033d4ee893c288215e25aca7&mdspid=&spid=699004&netType=0&sid=2201057821&pid=2028597139&timestamp=20261008220257&Channel_ID=0116_2600000900-99000-201600010010027&ProgramID=608807420&ParentNodeID=-99&assertID=2201057821&client_ip=171.8.79.254&SecurityKey=20261008220257&promotionId=&mvid=2201057821&mcid=500020&playurlVersion=WX-A1-9.9.2-SNAPSHOT&userid=&jmhm=&videocodec=h264&appCode=miguvideo_android&bean=mgspad&tid=android&conFee=0&encrypt=977a65ec68b18f2e7e67853bbef51f13
   速度: 7310.55KB/s | 数据量: 7.3KB | 总耗时: 0.26s | 阈值: 120KB/s
[2026-10-09 09:20:06] ✅ 通过阈值 HTTP测速: http://hlsztemgsplive.miguvideo.com:8080/migu/kailu/20200324/cctv7hd/50/index.m3u8?msisdn=202610082201224076798fc97d4e089ea2faba4927e2c2&mdspid=&spid=699004&netType=0&sid=5501083622&pid=2028597139&timestamp=20261008220122&Channel_ID=0116_2600000900-99000-201600010010027&ProgramID=673168121&ParentNodeID=-99&assertID=5501083622&client_ip=171.8.79.254&SecurityKey=20261008220122&promotionId=&mvid=5102910278&mcid=500020&playurlVersion=WX-A1-9.9.2-SNAPSHOT&userid=&jmhm=&videocodec=h264&appCode=miguvideo_android&bean=mgspad&tid=android&conFee=0&encrypt=361d44320ae7c7dedf59b8c91d44101d
   速度: 7310.55KB/s | 数据量: 7.3KB | 总耗时: 0.03s | 阈值: 120KB/s
[2026-10-09 09:20:06] ✅ 通过阈值 HTTP测速: http://hlsztemgsplive.miguvideo.com:8080/migu/kailu/20200324/cctv9hd/50/index.m3u8?msisdn=20261008220129acc564d0d7524a30a6ec67b0310341f0&mdspid=&spid=699004&netType=0&sid=5501083624&pid=2028597139&timestamp=20261008220129&Channel_ID=0116_2600000900-99000-201600010010027&ProgramID=673168140&ParentNodeID=-99&assertID=5501083624&client_ip=171.8.79.254&SecurityKey=20261008220129&promotionId=&mvid=5102910384&mcid=500020&playurlVersion=WX-A1-9.9.2-SNAPSHOT&userid=&jmhm=&videocodec=h264&appCode=miguvideo_android&bean=mgspad&tid=android&conFee=0&encrypt=c1425ed6bf6e842c52a025f0c2e862af
   速度: 7310.55KB/s | 数据量: 7.3KB | 总耗时: 0.06s | 阈值: 120KB/s
[2026-10-09 09:20:06] ✅ 通过阈值 HTTP测速: http://hlsztemgsplive.miguvideo.com:8080/wd_r2/2018/ocn/cctv14hd/1000/index.m3u8?msisdn=20261008220258d537c41b88794908b7f697bd671f6ddf&mdspid=&spid=699004&netType=0&sid=5500212875&pid=2028597139&timestamp=20261008220258&Channel_ID=0116_2600000900-99000-201600010010027&ProgramID=624878440&ParentNodeID=-99&assertID=5500212875&client_ip=171.8.79.254&SecurityKey=20261008220258&promotionId=&mvid=5100001697&mcid=500020&playurlVersion=WX-A1-9.9.2-SNAPSHOT&userid=&jmhm=&videocodec=h264&appCode=miguvideo_android&bean=mgspad&tid=android&conFee=0&encrypt=50f10aebfd0d414ebc776291dabf6b62
   速度: 7310.55KB/s | 数据量: 7.3KB | 总耗时: 0.03s | 阈值: 120KB/s
[2026-10-09 09:20:06] ✅ 通过阈值 HTTP测速: http://hlsztemgsplive.miguvideo.com:8080/migu/kailu/20200324/cctv17hd/50/index.m3u8?msisdn=2026100822025998597e657d7e4ebdbfa159aba78dc98d&mdspid=&spid=699004&netType=0&sid=5501083631&pid=2028597139&timestamp=20261008220259&Channel_ID=0116_2600000900-99000-201600010010027&ProgramID=673168256&ParentNodeID=-99&assertID=5501083631&client_ip=171.8.79.254&SecurityKey=20261008220259&promotionId=&mvid=5102910396&mcid=500020&playurlVersion=WX-A1-9.9.2-SNAPSHOT&userid=&jmhm=&videocodec=h264&appCode=miguvideo_android&bean=mgspad&tid=android&conFee=0&encrypt=ba7b2a6ec626e8b43440358ec9e27f2d
   速度: 7310.55KB/s | 数据量: 7.3KB | 总耗时: 0.01s | 阈值: 120KB/s
[2026-10-09 09:20:06] ✅ 通过阈值 HTTP测速: http://hlsztemgsplive.miguvideo.com:8080/envivo_x/2018/SD/cctv13/1000/index.m3u8?msisdn=202610082201265642f63697c64d30a3002c7831e8653e&mdspid=&spid=699004&netType=0&sid=2202208864&pid=2028597139&timestamp=20261008220126&Channel_ID=0116_2600000900-99000-201600010010027&ProgramID=608807423&ParentNodeID=-99&assertID=2202208864&client_ip=171.8.79.254&SecurityKey=20261008220126&promotionId=&mvid=2202208864&mcid=500020&playurlVersion=WX-A1-9.9.2-SNAPSHOT&userid=&jmhm=&videocodec=h264&appCode=miguvideo_android&bean=mgspad&tid=android&conFee=0&encrypt=60fe92e74d8c4520777b84980d90a116
   速度: 7310.55KB/s | 数据量: 7.3KB | 总耗时: 0.05s | 阈值: 120KB/s
[2026-10-09 09:20:06] ✅ 通过阈值 HTTP测速: http://hlsztemgsplive.miguvideo.com:8080/wd_r2/cctv/cctv5plusnew/600/index.m3u8?msisdn=20261008220257da9a347d82854d2da202ff3846e37c25&mdspid=&spid=699004&netType=0&sid=5500516288&pid=2028597139&timestamp=20261008220257&Channel_ID=0116_2600000900-99000-201600010010027&ProgramID=641886773&ParentNodeID=-99&assertID=5500516288&client_ip=171.8.79.254&SecurityKey=20261008220257&promotionId=&mvid=5102048803&mcid=500020&playurlVersion=WX-A1-9.9.2-SNAPSHOT&userid=&jmhm=&videocodec=h264&appCode=miguvideo_android&bean=mgspad&tid=android&conFee=0&encrypt=c1ed0579bbb661244572600b6dc72089
   速度: 7310.55KB/s | 数据量: 7.3KB | 总耗时: 0.05s | 阈值: 120KB/s
[2026-10-09 09:20:07] ✅ 通过阈值 HTTP测速: http://198.204.228.26/live/cctv14hd.m3u8
   速度: 187.50KB/s | 数据量: 0.2KB | 总耗时: 0.82s | 阈值: 120KB/s
[2026-10-09 09:20:07] ✅ 通过阈值 HTTP测速: http://120.211.62.180:8000/hls/35/index.m3u8
   速度: 224.61KB/s | 数据量: 0.2KB | 总耗时: 0.37s | 阈值: 120KB/s
[2026-10-09 09:20:07] ✅ 通过阈值 HTTP测速: http://113.25.252.226:9901/tsfile/live/1008_1.m3u8?key=txiptv&playlive=1&authid=0
   速度: 422.85KB/s | 数据量: 0.4KB | 总耗时: 0.46s | 阈值: 120KB/s
[2026-10-09 09:20:07] ✅ 通过阈值 HTTP测速: http://113.25.252.226:9901/tsfile/live/1017_1.m3u8?key=txiptv&playlive=1&authid=0
   速度: 422.85KB/s | 数据量: 0.4KB | 总耗时: 0.46s | 阈值: 120KB/s
[2026-10-09 09:20:07] ✅ 通过阈值 HTTP测速: http://hlsztemgsplive.miguvideo.com:8080/migu/kailu/bjws/50/20251127/index.m3u8?msisdn=2026100822010013065291096245b8a70eb7dea7ad6f4b&mdspid=&spid=600697&netType=0&sid=5910022306&pid=2028597139&timestamp=20261008220100&Channel_ID=0116_2600000900-99000-201600010010027&ProgramID=630287636&ParentNodeID=-99&assertID=5910022306&client_ip=171.8.79.254&SecurityKey=20261008220100&promotionId=&mvid=5101042960&mcid=500020&playurlVersion=WX-A1-9.9.2-SNAPSHOT&userid=&jmhm=&videocodec=h264&appCode=miguvideo_android&bean=mgspad&tid=android&conFee=0&encrypt=96b4eb48f8fae56cc5e9d44ae4dd2624
   速度: 7310.55KB/s | 数据量: 7.3KB | 总耗时: 0.22s | 阈值: 120KB/s
[2026-10-09 09:20:07] ✅ 通过阈值 HTTP测速: http://hlsztemgsplive.miguvideo.com:8080/migu/kailu/btws/50/20250804/index.m3u8?msisdn=2026100822030307fcad2366da49d9af4cfaf934483a49&mdspid=&spid=600697&netType=0&sid=5910022192&pid=2028597139&timestamp=20261008220303&Channel_ID=0116_2600000900-99000-201600010010027&ProgramID=956923145&ParentNodeID=-99&assertID=5910022192&client_ip=171.8.79.254&SecurityKey=20261008220303&promotionId=&mvid=5900006716&mcid=500020&playurlVersion=WX-A1-9.9.2-SNAPSHOT&userid=&jmhm=&videocodec=h264&appCode=miguvideo_android&bean=mgspad&tid=android&conFee=0&encrypt=b4cf3cdebb0d449573a76e722e825adc
   速度: 7310.55KB/s | 数据量: 7.3KB | 总耗时: 0.22s | 阈值: 120KB/s
[2026-10-09 09:20:07] ✅ 通过阈值 HTTP测速: http://hlsztemgsplive.miguvideo.com:8080/wd_r4/dfl/dongfangwshd/600/index.m3u8?msisdn=2026100822030241a23ae63dc24d5cb97c94fbf18a0641&mdspid=&spid=600697&netType=0&sid=5910022185&pid=2028597139&timestamp=20261008220302&Channel_ID=0116_2600000900-99000-201600010010027&ProgramID=651632648&ParentNodeID=-99&assertID=5910022185&client_ip=171.8.79.254&SecurityKey=20261008220302&promotionId=&mvid=5100043384&mcid=500020&playurlVersion=WX-A1-9.9.2-SNAPSHOT&userid=&jmhm=&videocodec=h264&appCode=miguvideo_android&bean=mgspad&tid=android&conFee=0&encrypt=a6c4bc6ccc005cd0490e20d6cedb288d
   速度: 7310.55KB/s | 数据量: 7.3KB | 总耗时: 0.02s | 阈值: 120KB/s
[2026-10-09 09:20:07] ✅ 通过阈值 HTTP测速: http://192.151.150.154/live/chcjt.m3u8
   速度: 187.50KB/s | 数据量: 0.2KB | 总耗时: 0.70s | 阈值: 120KB/s
[2026-10-09 09:20:07] ✅ 通过阈值 HTTP测速: http://38.75.136.137:98/gslb/dsdqpub/dfwshd.m3u8?auth=testpub
   速度: 191.41KB/s | 数据量: 0.2KB | 总耗时: 0.12s | 阈值: 120KB/s
[2026-10-09 09:20:07] ✅ 通过阈值 HTTP测速: http://38.75.136.137:98/gslb/dsdqpub/bjwshd.m3u8?auth=testpub
   速度: 188.48KB/s | 数据量: 0.2KB | 总耗时: 0.71s | 阈值: 120KB/s
[2026-10-09 09:20:07] ✅ 通过阈值 HTTP测速: http://107.150.60.122/live/dfwshd.m3u8
   速度: 190.43KB/s | 数据量: 0.2KB | 总耗时: 0.20s | 阈值: 120KB/s
[2026-10-09 09:20:07] ✅ HTTPS测速成功: https://event.pull.hebtv.com/jishi/cp2.m3u8
   速度: 319.34KB/s | 数据量: 0.3KB | 总耗时: 0.64s | 证书: 有效
[2026-10-09 09:20:07] ✅ HTTPS测速成功: https://event.pull.hebtv.com/jishi/cp1.m3u8
   速度: 319.34KB/s | 数据量: 0.3KB | 总耗时: 0.64s | 证书: 有效
[2026-10-09 09:20:07] ✅ 通过阈值 HTTP测速: http://113.57.140.161:10081/newlive/live/hls/29/live.m3u8
   速度: 232.42KB/s | 数据量: 0.2KB | 总耗时: 0.39s | 阈值: 120KB/s
[2026-10-09 09:20:07] ✅ 通过阈值 HTTP测速: http://hlsztemgsplive.miguvideo.com:8080/wd_r3/2018/nfmedia/nfws/1000/index.m3u8?msisdn=2026100822030232af92b9d1c24fa4a72fd41826d54e9c&mdspid=&spid=699054&netType=0&sid=2200322852&pid=2028597139&timestamp=20261008220302&Channel_ID=0116_2600000900-99000-201600010010027&ProgramID=608917627&ParentNodeID=-99&assertID=2200322852&client_ip=171.8.79.254&SecurityKey=20261008220302&promotionId=&mvid=2200322852&mcid=500020&playurlVersion=WX-A1-9.9.2-SNAPSHOT&userid=&jmhm=&videocodec=h264&appCode=miguvideo_android&bean=mgspad&tid=android&conFee=0&encrypt=b0ea8510a126e378ccb6d7309c2ecd4e
   速度: 7310.55KB/s | 数据量: 7.3KB | 总耗时: 0.29s | 阈值: 120KB/s
[2026-10-09 09:20:07] ✅ 通过阈值 HTTP测速: http://hlsztemgsplive.miguvideo.com:8080/wd_r2/2018/ocn/hubeiwshd/1000/index.m3u8?msisdn=20261008220303c55599f9357b48bfb4bd9d9dae00aca0&mdspid=&spid=600633&netType=0&sid=5910022163&pid=2028597139&timestamp=20261008220303&Channel_ID=0116_2600000900-99000-201600010010027&ProgramID=947472496&ParentNodeID=-99&assertID=5910022163&client_ip=171.8.79.254&SecurityKey=20261008220303&promotionId=&mvid=5900004355&mcid=500020&playurlVersion=WX-A1-9.9.2-SNAPSHOT&userid=&jmhm=&videocodec=h264&appCode=miguvideo_android&bean=mgspad&tid=android&conFee=0&encrypt=141d9faf22c2c11771aa4bfbc5cf4d1f
   速度: 7310.55KB/s | 数据量: 7.3KB | 总耗时: 0.12s | 阈值: 120KB/s
[2026-10-09 09:20:07] ✅ 通过阈值 HTTP测速: http://hlsztemgsplive.miguvideo.com:8080/migu/kailu/hbws/50/20251225/index.m3u8?msisdn=2026100822011935b2fbb82d07488c8f0db742966a3fd3&mdspid=&spid=600725&netType=0&sid=5910022316&pid=2028597139&timestamp=20261008220119&Channel_ID=0116_2600000900-99000-201600010010027&ProgramID=962042070&ParentNodeID=-99&assertID=5910022316&client_ip=171.8.79.254&SecurityKey=20261008220119&promotionId=&mvid=5900006782&mcid=500020&playurlVersion=WX-A1-9.9.2-SNAPSHOT&userid=&jmhm=&videocodec=h264&appCode=miguvideo_android&bean=mgspad&tid=android&conFee=0&encrypt=b79fef812d29440faf26e497070337d2
   速度: 7310.55KB/s | 数据量: 7.3KB | 总耗时: 0.02s | 阈值: 120KB/s
[2026-10-09 09:20:07] ✅ 通过阈值 HTTP测速: http://hlsztemgsplive.miguvideo.com:8080/migu/kailu/nxjj/50/20251225/index.m3u8?msisdn=202610082203040d3f2f51bf304f758cbda4680f6ff844&mdspid=&spid=600697&netType=0&sid=5910022409&pid=2028597139&timestamp=20261008220304&Channel_ID=0116_2600000900-99000-201600010010027&ProgramID=738906901&ParentNodeID=-99&assertID=5910022409&client_ip=171.8.79.254&SecurityKey=20261008220304&promotionId=&mvid=5900004349&mcid=500020&playurlVersion=WX-A1-9.9.2-SNAPSHOT&userid=&jmhm=&videocodec=h264&appCode=miguvideo_android&bean=mgspad&tid=android&conFee=0&encrypt=971b52e5663d94f90668b66384288b83
   速度: 7310.55KB/s | 数据量: 7.3KB | 总耗时: 0.02s | 阈值: 120KB/s
[2026-10-09 09:20:07] ✅ 通过阈值 HTTP测速: http://hlsztemgsplive.miguvideo.com:8080/envivo_x/SD/lvyou/711/index.m3u8?msisdn=20261008220115c8a1699a20704c9eb0d32881dcd65df8&mdspid=&spid=600633&netType=0&sid=5910022165&pid=2028597139&timestamp=20261008220115&Channel_ID=0116_2600000900-99000-201600010010027&ProgramID=947472502&ParentNodeID=-99&assertID=5910022165&client_ip=171.8.79.254&SecurityKey=20261008220115&promotionId=&mvid=5900004359&mcid=500020&playurlVersion=WX-A1-9.9.2-SNAPSHOT&userid=&jmhm=&videocodec=h264&appCode=miguvideo_android&bean=mgspad&tid=android&conFee=0&encrypt=b52f4cb06d41d741115c43eff2805cd1
   速度: 7310.55KB/s | 数据量: 7.3KB | 总耗时: 0.01s | 阈值: 120KB/s
[2026-10-09 09:20:08] ✅ 通过阈值 HTTP测速: http://198.204.228.26/live/ahwshd.m3u8
   速度: 164.06KB/s | 数据量: 0.2KB | 总耗时: 0.78s | 阈值: 120KB/s
[2026-10-09 09:20:08] ✅ 通过阈值 HTTP测速: http://hlsztemgsplive.miguvideo.com:8080/wd-henanwssd-600/index.m3u8?msisdn=202610082203022acf66f1ed05436f957434f6eab86f4c&mdspid=&spid=600633&netType=0&sid=5910021585&pid=2028597139&timestamp=20261008220302&Channel_ID=0116_2600000900-99000-201600010010027&ProgramID=790187291&ParentNodeID=-99&assertID=5910021585&client_ip=171.8.79.254&SecurityKey=20261008220302&promotionId=&mvid=5900005706&mcid=500020&playurlVersion=WX-A1-9.9.2-SNAPSHOT&userid=&jmhm=&videocodec=h264&appCode=miguvideo_android&bean=mgspad&tid=android&conFee=0&encrypt=cefa8911ad18673e0da9c86e6ecc1c1a
   速度: 7310.55KB/s | 数据量: 7.3KB | 总耗时: 0.06s | 阈值: 120KB/s
[2026-10-09 09:20:08] ✅ 通过阈值 HTTP测速: http://hlsztemgsplive.miguvideo.com:8080/migu/kailu/haixiaws/50/20230724/index.m3u8?msisdn=20261008220303d735c931c536415d948edf55ec1192af&mdspid=&spid=600717&netType=0&sid=5910022183&pid=2028597139&timestamp=20261008220303&Channel_ID=0116_2600000900-99000-201600010010027&ProgramID=849119120&ParentNodeID=-99&assertID=5910022183&client_ip=171.8.79.254&SecurityKey=20261008220303&promotionId=&mvid=5900006231&mcid=500020&playurlVersion=WX-A1-9.9.2-SNAPSHOT&userid=&jmhm=&videocodec=h264&appCode=miguvideo_android&bean=mgspad&tid=android&conFee=0&encrypt=0e5a45898bcba7d10b44f85e2dd8ab0c
   速度: 7310.55KB/s | 数据量: 7.3KB | 总耗时: 0.02s | 阈值: 120KB/s
[2026-10-09 09:20:08] ✅ 通过阈值 HTTP测速: http://113.57.140.161:10081/newlive/live/hls/34/live.m3u8
   速度: 232.42KB/s | 数据量: 0.2KB | 总耗时: 0.38s | 阈值: 120KB/s
[2026-10-09 09:20:08] ✅ 通过阈值 HTTP测速: http://74.91.26.218:82/live/hnwshd.m3u8
   速度: 202.15KB/s | 数据量: 0.2KB | 总耗时: 0.21s | 阈值: 120KB/s
[2026-10-09 09:20:08] ✅ 通过阈值 HTTP测速: http://221.226.51.220:50081/newlive/live/hls/36/live.m3u8
   速度: 196.29KB/s | 数据量: 0.2KB | 总耗时: 0.37s | 阈值: 120KB/s
[2026-10-09 09:20:08] ✅ HTTPS测速成功: https://hlscdn.liangtv.cn/live/0c4ef3a44b934cacb8b47121dfada66c/d7e04258157b480dae53883cc6f8123b.m3u8
   速度: 179.69KB/s | 数据量: 0.2KB | 总耗时: 0.41s | 证书: 有效
[2026-10-09 09:20:08] ✅ 通过阈值 HTTP测速: http://107.150.60.122/live/jlwshd.m3u8
   速度: 198.24KB/s | 数据量: 0.2KB | 总耗时: 0.20s | 阈值: 120KB/s
[2026-10-09 09:20:08] ✅ 通过阈值 HTTP测速: http://hlsztemgsplive.miguvideo.com:8080/wd_r2/2018/ocn/liaoningwshd/1000/index.m3u8?msisdn=202610082203022fbe4179d1b64f89aef4d4e3c837c492&mdspid=&spid=600572&netType=0&sid=5910022198&pid=2028597139&timestamp=20261008220302&Channel_ID=0116_2600000900-99000-201600010010027&ProgramID=630291707&ParentNodeID=-99&assertID=5910022198&client_ip=171.8.79.254&SecurityKey=20261008220302&promotionId=&mvid=5101043014&mcid=500020&playurlVersion=WX-A1-9.9.2-SNAPSHOT&userid=&jmhm=&videocodec=h264&appCode=miguvideo_android&bean=mgspad&tid=android&conFee=0&encrypt=8071bd8414e86357d34985dc1b6981d5
   速度: 7310.55KB/s | 数据量: 7.3KB | 总耗时: 0.12s | 阈值: 120KB/s
[2026-10-09 09:20:08] ✅ 通过阈值 HTTP测速: http://hlsztemgsplive.miguvideo.com:8080/envivo_v/2018/SD/jilin/1000/index.m3u8?msisdn=20261008220303a2ef4d4d177e42b3a98d5b45a56c9761&mdspid=&spid=600633&netType=0&sid=5910022164&pid=2028597139&timestamp=20261008220303&Channel_ID=0116_2600000900-99000-201600010010027&ProgramID=947472500&ParentNodeID=-99&assertID=5910022164&client_ip=171.8.79.254&SecurityKey=20261008220303&promotionId=&mvid=5900004357&mcid=500020&playurlVersion=WX-A1-9.9.2-SNAPSHOT&userid=&jmhm=&videocodec=h264&appCode=miguvideo_android&bean=mgspad&tid=android&conFee=0&encrypt=29735bb3ec96ac1fb4cd4c9175aef3c6
   速度: 7310.55KB/s | 数据量: 7.3KB | 总耗时: 0.32s | 阈值: 120KB/s
[2026-10-09 09:20:08] ✅ 通过阈值 HTTP测速: http://hlsztemgsplive.miguvideo.com:8080/wd_r2/cctv/jiangsuhd/600/index.m3u8?msisdn=20261008220136806e21aac0f74b4c9a9daae7fdc78a82&mdspid=&spid=699067&netType=0&sid=5500199408&pid=2028597139&timestamp=20261008220136&Channel_ID=0116_2600000900-99000-201600010010027&ProgramID=623899368&ParentNodeID=-99&assertID=5500199408&client_ip=171.8.79.254&SecurityKey=20261008220136&promotionId=&mvid=5100156802&mcid=500020&playurlVersion=WX-A1-9.9.2-SNAPSHOT&userid=&jmhm=&videocodec=h264&appCode=miguvideo_android&bean=mgspad&tid=android&conFee=0&encrypt=6a18ade40bcb20bc76880334c42babed
   速度: 7310.55KB/s | 数据量: 7.3KB | 总耗时: 0.22s | 阈值: 120KB/s
[2026-10-09 09:20:08] ✅ 通过阈值 HTTP测速: http://hlsztemgsplive.miguvideo.com:8080/envivo_x/2018/SD/ningxia/1000/index.m3u8?msisdn=202610082203046f9e4efcec3e4daf806bef150ad01f79&mdspid=&spid=600697&netType=0&sid=5910022262&pid=2028597139&timestamp=20261008220304&Channel_ID=0116_2600000900-99000-201600010010027&ProgramID=738910535&ParentNodeID=-99&assertID=5910022262&client_ip=171.8.79.254&SecurityKey=20261008220304&promotionId=&mvid=5900004337&mcid=500020&playurlVersion=WX-A1-9.9.2-SNAPSHOT&userid=&jmhm=&videocodec=h264&appCode=miguvideo_android&bean=mgspad&tid=android&conFee=0&encrypt=f898b7d59892d4a7920de943abc6778a
   速度: 7310.55KB/s | 数据量: 7.3KB | 总耗时: 0.12s | 阈值: 120KB/s
[2026-10-09 09:20:08] ✅ 通过阈值 HTTP测速: http://hlsztemgsplive.miguvideo.com:8080/migu/kailu/jxwshd/50/20190820/index.m3u8?msisdn=202610082203021d5d658ec97d46b09aca34a3dcbe9651&mdspid=&spid=600633&netType=0&sid=5910021492&pid=2028597139&timestamp=20261008220302&Channel_ID=0116_2600000900-99000-201600010010027&ProgramID=783847495&ParentNodeID=-99&assertID=5910021492&client_ip=171.8.79.254&SecurityKey=20261008220302&promotionId=&mvid=5900004351&mcid=500020&playurlVersion=WX-A1-9.9.2-SNAPSHOT&userid=&jmhm=&videocodec=h264&appCode=miguvideo_android&bean=mgspad&tid=android&conFee=0&encrypt=deafcb4876e4893c809206686e94d4b5
   速度: 7310.55KB/s | 数据量: 7.3KB | 总耗时: 0.20s | 阈值: 120KB/s
[2026-10-09 09:20:08] ✅ 通过阈值 HTTP测速: http://hlsztemgsplive.miguvideo.com:8080/envivo_w/2018/SD/qinghai/1000/index.m3u8?msisdn=2026100822030386abc479d4cf48f28b02f4121b92e610&mdspid=&spid=600633&netType=0&sid=5910022166&pid=2028597139&timestamp=20261008220303&Channel_ID=0116_2600000900-99000-201600010010027&ProgramID=947472506&ParentNodeID=-99&assertID=5910022166&client_ip=171.8.79.254&SecurityKey=20261008220303&promotionId=&mvid=5900004353&mcid=500020&playurlVersion=WX-A1-9.9.2-SNAPSHOT&userid=&jmhm=&videocodec=h264&appCode=miguvideo_android&bean=mgspad&tid=android&conFee=0&encrypt=c75265b65f0e0414eaf40f209f7b280f
   速度: 7310.55KB/s | 数据量: 7.3KB | 总耗时: 0.01s | 阈值: 120KB/s
[2026-10-09 09:20:08] ✅ 通过阈值 HTTP测速: http://107.150.60.122/live/jxwshd.m3u8
   速度: 190.43KB/s | 数据量: 0.2KB | 总耗时: 0.20s | 阈值: 120KB/s
[2026-10-09 09:20:08] ✅ 通过阈值 HTTP测速: http://38.75.136.137:98/gslb/dsdqpub/ssws.m3u8?auth=testpub
   速度: 190.43KB/s | 数据量: 0.2KB | 总耗时: 0.12s | 阈值: 120KB/s
[2026-10-09 09:20:08] ✅ 通过阈值 HTTP测速: http://173.208.212.130:8181/720p/sdws.m3u8
   速度: 191.41KB/s | 数据量: 0.2KB | 总耗时: 0.21s | 阈值: 120KB/s
[2026-10-09 09:20:08] ✅ 通过阈值 HTTP测速: http://107.150.60.122/live/sdwshd.m3u8
   速度: 191.41KB/s | 数据量: 0.2KB | 总耗时: 0.21s | 阈值: 120KB/s
[2026-10-09 09:20:08] ✅ 通过阈值 HTTP测速: http://hlsztemgsplive.miguvideo.com:8080/migu/kailu/shan3xiws/50/20220809/index.m3u8?msisdn=20261008220302debfad49e5ee4021bb4fc4b09e8fcdc6&mdspid=&spid=600633&netType=0&sid=5910020475&pid=2028597139&timestamp=20261008220302&Channel_ID=0116_2600000900-99000-201600010010027&ProgramID=738910838&ParentNodeID=-99&assertID=5910020475&client_ip=171.8.79.254&SecurityKey=20261008220302&promotionId=&mvid=5900004331&mcid=500020&playurlVersion=WX-A1-9.9.2-SNAPSHOT&userid=&jmhm=&videocodec=h264&appCode=miguvideo_android&bean=mgspad&tid=android&conFee=0&encrypt=07e36f2973615088f9807248dfe8e25a
   速度: 7310.55KB/s | 数据量: 7.3KB | 总耗时: 0.02s | 阈值: 120KB/s
[2026-10-09 09:20:08] ✅ 通过阈值 HTTP测速: http://hlsztemgsplive.miguvideo.com:8080/migu/kailu/ssws/50/20251127/index.m3u8?msisdn=20261008220304775034272272416fa67573d3cd6780cf&mdspid=&spid=600697&netType=0&sid=5910022307&pid=2028597139&timestamp=20261008220304&Channel_ID=0116_2600000900-99000-201600010010027&ProgramID=961023778&ParentNodeID=-99&assertID=5910022307&client_ip=171.8.79.254&SecurityKey=20261008220304&promotionId=&mvid=5900006777&mcid=500020&playurlVersion=WX-A1-9.9.2-SNAPSHOT&userid=&jmhm=&videocodec=h264&appCode=miguvideo_android&bean=mgspad&tid=android&conFee=0&encrypt=1b3a747efcf8698bc526a53cf89ab871
   速度: 7310.55KB/s | 数据量: 7.3KB | 总耗时: 0.23s | 阈值: 120KB/s
[2026-10-09 09:20:08] ✅ 通过阈值 HTTP测速: http://107.150.60.122/live/snwshd.m3u8
   速度: 196.29KB/s | 数据量: 0.2KB | 总耗时: 0.22s | 阈值: 120KB/s
[2026-10-09 09:20:08] ✅ 通过阈值 HTTP测速: http://153.0.171.163:9901/tsfile/live/0118_1.m3u8?key=txiptv&playlive=1&authid=0
   速度: 417.97KB/s | 数据量: 0.4KB | 总耗时: 0.41s | 阈值: 120KB/s
[2026-10-09 09:20:08] ✅ 通过阈值 HTTP测速: http://222.134.245.16:9901/tsfile/live/0118_1.m3u8?key=txiptv&playlive=1&authid=0
   速度: 428.71KB/s | 数据量: 0.4KB | 总耗时: 0.46s | 阈值: 120KB/s
[2026-10-09 09:20:09] ✅ 通过阈值 HTTP测速: http://120.40.39.246:352/newlive/live/hls/30/live.m3u8
   速度: 232.42KB/s | 数据量: 0.2KB | 总耗时: 1.04s | 阈值: 120KB/s
[2026-10-09 09:20:09] ✅ 通过阈值 HTTP测速: http://153.0.171.163:9901/tsfile/live/0135_1.m3u8?key=txiptv&playlive=1&authid=0
   速度: 417.97KB/s | 数据量: 0.4KB | 总耗时: 0.41s | 阈值: 120KB/s
[2026-10-09 09:20:09] ✅ 通过阈值 HTTP测速: http://198.204.228.26/live/ssws.m3u8
   速度: 164.06KB/s | 数据量: 0.2KB | 总耗时: 0.78s | 阈值: 120KB/s
[2026-10-09 09:20:09] ✅ 通过阈值 HTTP测速: http://hlsztemgsplive.miguvideo.com:8080/migu/kailu/zgnlws/50/20250804/index.m3u8?msisdn=2026100822030333cafc893d5748b0b336ceba1659fe59&mdspid=&spid=600572&netType=0&sid=5910022186&pid=2028597139&timestamp=20261008220303&Channel_ID=0116_2600000900-99000-201600010010027&ProgramID=956904896&ParentNodeID=-99&assertID=5910022186&client_ip=171.8.79.254&SecurityKey=20261008220303&promotionId=&mvid=5900006709&mcid=500020&playurlVersion=WX-A1-9.9.2-SNAPSHOT&userid=&jmhm=&videocodec=h264&appCode=miguvideo_android&bean=mgspad&tid=android&conFee=0&encrypt=6a3d7756dbaef7f4c4c7c545ea6ae685
   速度: 7310.55KB/s | 数据量: 7.3KB | 总耗时: 0.24s | 阈值: 120KB/s
[2026-10-09 09:20:09] ✅ 通过阈值 HTTP测速: http://hlsztemgsplive.miguvideo.com:8080/wd_r2/cctv/cctv5hdnew/600/index.m3u8?msisdn=20261009060258cae74486e1ee46cc901014f7a61dcc31&mdspid=&spid=699004&netType=0&sid=5500516171&pid=2028597139&timestamp=20261009060258&Channel_ID=0116_2600000900-99000-201600010010027&ProgramID=641886683&ParentNodeID=-99&assertID=5500516171&client_ip=171.8.79.254&SecurityKey=20261009060258&promotionId=&mvid=5102048712&mcid=500020&playurlVersion=WX-A1-9.9.2-SNAPSHOT&userid=&jmhm=&videocodec=h264&appCode=miguvideo_android&bean=mgspad&tid=android&conFee=0&encrypt=490d752f2d255ab5c71a7c33cde7a173
   速度: 7310.55KB/s | 数据量: 7.3KB | 总耗时: 0.05s | 阈值: 120KB/s
[2026-10-09 09:20:09] ✅ 通过阈值 HTTP测速: http://hlsztemgsplive.miguvideo.com:8080/wd_r2/2018/ocn/cctv6hd/1000/index.m3u8?msisdn=20261009060258ad09ea1d32de4e9383ee89ecb55f877d&mdspid=&spid=699004&netType=0&sid=5500212872&pid=2028597139&timestamp=20261009060258&Channel_ID=0116_2600000900-99000-201600010010027&ProgramID=624878396&ParentNodeID=-99&assertID=5500212872&client_ip=171.8.79.254&SecurityKey=20261009060258&promotionId=&mvid=5100001694&mcid=500020&playurlVersion=WX-A1-9.9.2-SNAPSHOT&userid=&jmhm=&videocodec=h264&appCode=miguvideo_android&bean=mgspad&tid=android&conFee=0&encrypt=b1bb0932e23441d063bb577aeef5ce1b
   速度: 7310.55KB/s | 数据量: 7.3KB | 总耗时: 0.22s | 阈值: 120KB/s
[2026-10-09 09:20:09] ✅ 通过阈值 HTTP测速: http://hlsztemgsplive.miguvideo.com:8080/migu/kailu/20200324/cctv15hd/50/index.m3u8?msisdn=202610090602596e19fded41664068878a54dc51750b0c&mdspid=&spid=699004&netType=0&sid=5501083628&pid=2028597139&timestamp=20261009060259&Channel_ID=0116_2600000900-99000-201600010010027&ProgramID=673168223&ParentNodeID=-99&assertID=5501083628&client_ip=171.8.79.254&SecurityKey=20261009060259&promotionId=&mvid=5102910391&mcid=500020&playurlVersion=WX-A1-9.9.2-SNAPSHOT&userid=&jmhm=&videocodec=h264&appCode=miguvideo_android&bean=mgspad&tid=android&conFee=0&encrypt=cca9e46fb1388f9eac2fefdd019bdc06
   速度: 7310.55KB/s | 数据量: 7.3KB | 总耗时: 0.22s | 阈值: 120KB/s
[2026-10-09 09:20:09] ✅ 通过阈值 HTTP测速: http://hlsztemgsplive.miguvideo.com:8080/envivo_v/SD/cctv/alabo/1000/index.m3u8?msisdn=2026100906030068d6938d55e64ef0b4d0c9e2d4c1bc22&mdspid=&spid=699004&netType=0&sid=2200179303&pid=2028597139&timestamp=20261009060300&Channel_ID=0116_2600000900-99000-201600010010027&ProgramID=609154345&ParentNodeID=-99&assertID=2200179303&client_ip=171.8.79.254&SecurityKey=20261009060300&promotionId=&mvid=2200179303&mcid=500020&playurlVersion=WX-A1-9.9.2-SNAPSHOT&userid=&jmhm=&videocodec=h264&appCode=miguvideo_android&bean=mgspad&tid=android&conFee=0&encrypt=7756e5de226d02ba12a05171d606ba7f
   速度: 7310.55KB/s | 数据量: 7.3KB | 总耗时: 0.01s | 阈值: 120KB/s
[2026-10-09 09:20:09] ✅ 通过阈值 HTTP测速: http://hlsztemgsplive.miguvideo.com:8080/envivo_v/2018/SD/cctv/doc/1000/index.m3u8?msisdn=20261009060300707d8b3ede1949909e40c563c6769dc1&mdspid=&spid=699004&netType=0&sid=2200179356&pid=2028597139&timestamp=20261009060300&Channel_ID=0116_2600000900-99000-201600010010027&ProgramID=609006487&ParentNodeID=-99&assertID=2200179356&client_ip=171.8.79.254&SecurityKey=20261009060300&promotionId=&mvid=2200179356&mcid=500020&playurlVersion=WX-A1-9.9.2-SNAPSHOT&userid=&jmhm=&videocodec=h264&appCode=miguvideo_android&bean=mgspad&tid=android&conFee=0&encrypt=f1b729242759a6c507d9ec8cf8f1a757
   速度: 7310.55KB/s | 数据量: 7.3KB | 总耗时: 0.01s | 阈值: 120KB/s
[2026-10-09 09:20:09] ✅ 通过阈值 HTTP测速: http://ali-xwl.cztv.com/live/channel011080Plxw.m3u8
   速度: 345.70KB/s | 数据量: 0.3KB | 总耗时: 0.53s | 阈值: 120KB/s
[2026-10-09 09:20:09] ✅ 通过阈值 HTTP测速: http://ali-xwl.cztv.com/live/channel01720Plxw.m3u8
   速度: 474.61KB/s | 数据量: 0.5KB | 总耗时: 0.58s | 阈值: 120KB/s
[2026-10-09 09:20:09] ✅ 通过阈值 HTTP测速: http://hlsztemgsplive.miguvideo.com:8080/envivo_v/2018/SD/cctv/fayu/1000/index.m3u8?msisdn=20261009060300c698e4643d7d4572a25ff8d8f94d9ab8&mdspid=&spid=699004&netType=0&sid=2200179324&pid=2028597139&timestamp=20261009060300&Channel_ID=0116_2600000900-99000-201600010010027&ProgramID=609006476&ParentNodeID=-99&assertID=2200179324&client_ip=171.8.79.254&SecurityKey=20261009060300&promotionId=&mvid=2200179324&mcid=500020&playurlVersion=WX-A1-9.9.2-SNAPSHOT&userid=&jmhm=&videocodec=h264&appCode=miguvideo_android&bean=mgspad&tid=android&conFee=0&encrypt=46e9530ea9b952254dc9d9f6ee1ec27a
   速度: 7310.55KB/s | 数据量: 7.3KB | 总耗时: 0.22s | 阈值: 120KB/s
[2026-10-09 09:20:09] ✅ 通过阈值 HTTP测速: http://hlsztemgsplive.miguvideo.com:8080/envivo_v/2018/SD/cctv/eyu/1000/index.m3u8?msisdn=202610090603000bcf8e3dace9492591bdc4085c94122e&mdspid=&spid=699004&netType=0&sid=2200179332&pid=2028597139&timestamp=20261009060300&Channel_ID=0116_2600000900-99000-201600010010027&ProgramID=609006446&ParentNodeID=-99&assertID=2200179332&client_ip=171.8.79.254&SecurityKey=20261009060300&promotionId=&mvid=2200179332&mcid=500020&playurlVersion=WX-A1-9.9.2-SNAPSHOT&userid=&jmhm=&videocodec=h264&appCode=miguvideo_android&bean=mgspad&tid=android&conFee=0&encrypt=958475f155c28e0f71a303f49bec2287
   速度: 7310.55KB/s | 数据量: 7.3KB | 总耗时: 0.11s | 阈值: 120KB/s
[2026-10-09 09:20:09] ✅ 通过阈值 HTTP测速: http://hlsztemgsplive.miguvideo.com:8080/migu/kailu/cctvlaogushi/50/20231109/index.m3u8?msisdn=20261009060300cd2fe1203fd744be867ded75e64f0af6&mdspid=&spid=699004&netType=0&sid=5910022002&pid=2028597139&timestamp=20261009060300&Channel_ID=0116_2600000900-99000-201600010010027&ProgramID=884121956&ParentNodeID=-99&assertID=5910022002&client_ip=171.8.79.254&SecurityKey=20261009060300&promotionId=&mvid=5900006372&mcid=500020&playurlVersion=WX-A1-9.9.2-SNAPSHOT&userid=&jmhm=&videocodec=h264&appCode=miguvideo_android&bean=mgspad&tid=android&conFee=0&encrypt=167a0b6929aaf1b04280e408958151b0
   速度: 7310.55KB/s | 数据量: 7.3KB | 总耗时: 0.06s | 阈值: 120KB/s
[2026-10-09 09:20:09] ✅ 通过阈值 HTTP测速: http://hlsztemgsplive.miguvideo.com:8080/envivo_v/2018/SD/cctv/xibanya/1000/index.m3u8?msisdn=20261009060300bbc878afd1a949578c10accdc9447b7a&mdspid=&spid=699004&netType=0&sid=2200179337&pid=2028597139&timestamp=20261009060300&Channel_ID=0116_2600000900-99000-201600010010027&ProgramID=609006450&ParentNodeID=-99&assertID=2200179337&client_ip=171.8.79.254&SecurityKey=20261009060300&promotionId=&mvid=2200179337&mcid=500020&playurlVersion=WX-A1-9.9.2-SNAPSHOT&userid=&jmhm=&videocodec=h264&appCode=miguvideo_android&bean=mgspad&tid=android&conFee=0&encrypt=53141442d75d3d888bb164bad50e7a92
   速度: 7310.55KB/s | 数据量: 7.3KB | 总耗时: 0.22s | 阈值: 120KB/s
[2026-10-09 09:20:09] ✅ 通过阈值 HTTP测速: http://hlsztemgsplive.miguvideo.com:8080/wd_r3/cnr/faxianzhilv/1000/index.m3u8?msisdn=202610090603012af82218eec84ea59b29034b223a7389&mdspid=&spid=699004&netType=0&sid=5500212893&pid=2028597139&timestamp=20261009060301&Channel_ID=0116_2600000900-99000-201600010010027&ProgramID=624878970&ParentNodeID=-99&assertID=5500212893&client_ip=171.8.79.254&SecurityKey=20261009060301&promotionId=&mvid=5100001701&mcid=500020&playurlVersion=WX-A1-9.9.2-SNAPSHOT&userid=&jmhm=&videocodec=h264&appCode=miguvideo_android&bean=mgspad&tid=android&conFee=0&encrypt=2fcb6bf0e22214d929b7bf7e02a3b995
   速度: 7310.55KB/s | 数据量: 7.3KB | 总耗时: 0.01s | 阈值: 120KB/s
[2026-10-09 09:20:09] ✅ 通过阈值 HTTP测速: http://hlsztemgsplive.miguvideo.com:8080/wd_r3/cctv/saishijingdian/600/index.m3u8?msisdn=20261009060301889d9aedd0b94ec0af4425eb04f4d738&mdspid=&spid=699004&netType=0&sid=5500592947&pid=2028597139&timestamp=20261009060301&Channel_ID=0116_2600000900-99000-201600010010027&ProgramID=646596895&ParentNodeID=-99&assertID=5500592947&client_ip=171.8.79.254&SecurityKey=20261009060301&promotionId=&mvid=5101034296&mcid=500020&playurlVersion=WX-A1-9.9.2-SNAPSHOT&userid=&jmhm=&videocodec=h264&appCode=miguvideo_android&bean=mgspad&tid=android&conFee=0&encrypt=1d584cf129c6fe83d0c2a17a581ad47a
   速度: 7310.55KB/s | 数据量: 7.3KB | 总耗时: 0.01s | 阈值: 120KB/s
[2026-10-09 09:20:09] ✅ 通过阈值 HTTP测速: http://hlsztemgsplive.miguvideo.com:8080/envivo_x/2018/SD/cctvnews/1000/index.m3u8?msisdn=2026100906030107094d98b7294445b36469d4a1f41940&mdspid=&spid=699004&netType=0&sid=2202196407&pid=2028597139&timestamp=20261009060301&Channel_ID=0116_2600000900-99000-201600010010027&ProgramID=609017205&ParentNodeID=-99&assertID=2202196407&client_ip=171.8.79.254&SecurityKey=20261009060301&promotionId=&mvid=2202196407&mcid=500020&playurlVersion=WX-A1-9.9.2-SNAPSHOT&userid=&jmhm=&videocodec=h264&appCode=miguvideo_android&bean=mgspad&tid=android&conFee=0&encrypt=fe42a605654ce5b043d916abab0255dd
   速度: 7310.55KB/s | 数据量: 7.3KB | 总耗时: 0.01s | 阈值: 120KB/s
[2026-10-09 09:20:09] ✅ 通过阈值 HTTP测速: http://hlsztemgsplive.miguvideo.com:8080/wd_r3/cctv/titanminglan/600/index.m3u8?msisdn=202610090603018cd53fe6449849b083785abe5eb7f855&mdspid=&spid=699004&netType=0&sid=5500315687&pid=2028597139&timestamp=20261009060301&Channel_ID=0116_2600000900-99000-201600010010027&ProgramID=629943305&ParentNodeID=-99&assertID=5500315687&client_ip=171.8.79.254&SecurityKey=20261009060301&promotionId=&mvid=5101034219&mcid=500020&playurlVersion=WX-A1-9.9.2-SNAPSHOT&userid=&jmhm=&videocodec=h264&appCode=miguvideo_android&bean=mgspad&tid=android&conFee=0&encrypt=2268441aa85a5e8f5ebe21c43e852f97
   速度: 7310.55KB/s | 数据量: 7.3KB | 总耗时: 0.01s | 阈值: 120KB/s
[2026-10-09 09:20:09] ✅ 通过阈值 HTTP测速: http://hlsztemgsplive.miguvideo.com:8080/migu/kailu/20210415/cctvzhongxuesheng/50/index.m3u8?msisdn=202610090603016b7f897503e64a23ad2085a8f367613a&mdspid=&spid=699004&netType=0&sid=5910019355&pid=2028597139&timestamp=20261009060301&Channel_ID=0116_2600000900-99000-201600010010027&ProgramID=708869532&ParentNodeID=-99&assertID=5910019355&client_ip=171.8.79.254&SecurityKey=20261009060301&promotionId=&mvid=5900002149&mcid=500020&playurlVersion=WX-A1-9.9.2-SNAPSHOT&userid=&jmhm=&videocodec=h264&appCode=miguvideo_android&bean=mgspad&tid=android&conFee=0&encrypt=810ca240b9c011eaa85bcf0024c7135f
   速度: 7310.55KB/s | 数据量: 7.3KB | 总耗时: 0.02s | 阈值: 120KB/s
[2026-10-09 09:20:09] ✅ 通过阈值 HTTP测速: http://hlsztemgsplive.miguvideo.com:8080/migu/lunbo/ouzhoubei/50/20240603/index.m3u8?msisdn=20261009060302f34c80e0d20f429b95d8daa6b0e8c071&mdspid=&spid=800033&netType=0&sid=5910022136&pid=2028597139&timestamp=20261009060302&Channel_ID=0116_2600000900-99000-201600010010027&ProgramID=915512915&ParentNodeID=-99&assertID=5910022136&client_ip=171.8.79.254&SecurityKey=20261009060302&promotionId=&mvid=5900006618&mcid=500020&playurlVersion=WX-A1-9.9.2-SNAPSHOT&userid=&jmhm=&videocodec=h264&appCode=miguvideo_android&bean=mgspad&tid=android&conFee=0&encrypt=e65cde2b729fd49aefe26519a33862fe
   速度: 7310.55KB/s | 数据量: 7.3KB | 总耗时: 0.05s | 阈值: 120KB/s
[2026-10-09 09:20:09] ✅ 通过阈值 HTTP测速: http://hlsztemgsplive.miguvideo.com:8080/migu/kailu/sxtyxx/50/20250804/index.m3u8?msisdn=20261009060302d2a758a4e2f3429aa5135a86f887415e&mdspid=&spid=600572&netType=0&sid=5910022189&pid=2028597139&timestamp=20261009060302&Channel_ID=0116_2600000900-99000-201600010010027&ProgramID=956909356&ParentNodeID=-99&assertID=5910022189&client_ip=171.8.79.254&SecurityKey=20261009060302&promotionId=&mvid=5900006712&mcid=500020&playurlVersion=WX-A1-9.9.2-SNAPSHOT&userid=&jmhm=&videocodec=h264&appCode=miguvideo_android&bean=mgspad&tid=android&conFee=0&encrypt=9335cd46d606747cfb0ba1016fc4c7f5
   速度: 7310.55KB/s | 数据量: 7.3KB | 总耗时: 0.06s | 阈值: 120KB/s
[2026-10-09 09:20:09] ✅ 通过阈值 HTTP测速: http://hlsztemgsplive.miguvideo.com:8080/migu/kailu/wssj/50/20250915/index.m3u8?msisdn=2026100906030299498d7d662943e285f11344fdf2d99b&mdspid=&spid=600697&netType=0&sid=5910022201&pid=2028597139&timestamp=20261009060302&Channel_ID=0116_2600000900-99000-201600010010027&ProgramID=958475359&ParentNodeID=-99&assertID=5910022201&client_ip=171.8.79.254&SecurityKey=20261009060302&promotionId=&mvid=5900006724&mcid=500020&playurlVersion=WX-A1-9.9.2-SNAPSHOT&userid=&jmhm=&videocodec=h264&appCode=miguvideo_android&bean=mgspad&tid=android&conFee=0&encrypt=f0eff805d7c41dc2f16c8e4a1b180d3a
   速度: 7310.55KB/s | 数据量: 7.3KB | 总耗时: 0.05s | 阈值: 120KB/s
[2026-10-09 09:20:09] ✅ 通过阈值 HTTP测速: http://hlsztemgsplive.miguvideo.com:8080/wd_r4/peoplecn/shdiaoyu/600/index.m3u8?msisdn=20261009060301c4e9185f127948c192bc9d9de7c411a3&mdspid=&spid=600697&netType=0&sid=5910022184&pid=2028597139&timestamp=20261009060301&Channel_ID=0116_2600000900-99000-201600010010027&ProgramID=637444975&ParentNodeID=-99&assertID=5910022184&client_ip=171.8.79.254&SecurityKey=20261009060301&promotionId=&mvid=5100132656&mcid=500020&playurlVersion=WX-A1-9.9.2-SNAPSHOT&userid=&jmhm=&videocodec=h264&appCode=miguvideo_android&bean=mgspad&tid=android&conFee=0&encrypt=e8033beac3205a824846c3d2e944eb29
   速度: 7310.55KB/s | 数据量: 7.3KB | 总耗时: 0.06s | 阈值: 120KB/s
[2026-10-09 09:20:09] ✅ 通过阈值 HTTP测速: http://hlsztemgsplive.miguvideo.com:8080/migu/kailu/ydcmklcd/50/20251225/index.m3u8?msisdn=202610090603024f2e127d118a40708e2020b7074ed596&mdspid=&spid=600603&netType=0&sid=5910022317&pid=2028597139&timestamp=20261009060302&Channel_ID=0116_2600000900-99000-201600010010027&ProgramID=961930263&ParentNodeID=-99&assertID=5910022317&client_ip=171.8.79.254&SecurityKey=20261009060302&promotionId=&mvid=5900006783&mcid=500020&playurlVersion=WX-A1-9.9.2-SNAPSHOT&userid=&jmhm=&videocodec=h264&appCode=miguvideo_android&bean=mgspad&tid=android&conFee=0&encrypt=0af7b4511b03afeadffad78f5dfa17f0
   速度: 7310.55KB/s | 数据量: 7.3KB | 总耗时: 0.01s | 阈值: 120KB/s
[2026-10-09 09:20:09] ✅ 通过阈值 HTTP测速: http://hlsztemgsplive.miguvideo.com:8080/ws_w/2018/gdws/gdws711/1000/index.m3u8?msisdn=202610090603021608a782d1654db3984ef60159b33f08&mdspid=&spid=699054&netType=0&sid=2202428795&pid=2028597139&timestamp=20261009060302&Channel_ID=0116_2600000900-99000-201600010010027&ProgramID=608831231&ParentNodeID=-99&assertID=2202428795&client_ip=171.8.79.254&SecurityKey=20261009060302&promotionId=&mvid=2202428795&mcid=500020&playurlVersion=WX-A1-9.9.2-SNAPSHOT&userid=&jmhm=&videocodec=h264&appCode=miguvideo_android&bean=mgspad&tid=android&conFee=0&encrypt=8b772f376e0d21ecf375f41e5b7d82c0
   速度: 6494.95KB/s | 数据量: 7.3KB | 总耗时: 0.01s | 阈值: 120KB/s
[2026-10-09 09:20:09] ✅ 通过阈值 HTTP测速: http://hlsztemgsplive.miguvideo.com:8080/envivo_x/2018/SD/chongqing/1000/index.m3u8?msisdn=20261009060305055f2272f4cc47afb715ca5d18cfc2be&mdspid=&spid=600697&netType=0&sid=5910022305&pid=2028597139&timestamp=20261009060305&Channel_ID=0116_2600000900-99000-201600010010027&ProgramID=738910914&ParentNodeID=-99&assertID=5910022305&client_ip=171.8.79.254&SecurityKey=20261009060305&promotionId=&mvid=5900004329&mcid=500020&playurlVersion=WX-A1-9.9.2-SNAPSHOT&userid=&jmhm=&videocodec=h264&appCode=miguvideo_android&bean=mgspad&tid=android&conFee=0&encrypt=61ca38fb1eb8e0052639c424080ff1f5
   速度: 7310.55KB/s | 数据量: 7.3KB | 总耗时: 0.01s | 阈值: 120KB/s
[2026-10-09 09:20:09] ✅ 通过阈值 HTTP测速: http://hlsztemgsplive.miguvideo.com:8080/migu/kailu/nanjingxwzh/50/20230719/index.m3u8?msisdn=20261009060305afef8770daf844a8a64090fc335c3ae6&mdspid=&spid=699067&netType=0&sid=5910021863&pid=2028597139&timestamp=20261009060305&Channel_ID=0116_2600000900-99000-201600010010027&ProgramID=838109047&ParentNodeID=-99&assertID=5910021863&client_ip=171.8.79.254&SecurityKey=20261009060305&promotionId=&mvid=5900006203&mcid=500020&playurlVersion=WX-A1-9.9.2-SNAPSHOT&userid=&jmhm=&videocodec=h264&appCode=miguvideo_android&bean=mgspad&tid=android&conFee=0&encrypt=a08e6fc02da5e3cb00d7ff6f5bc5678a
   速度: 7310.55KB/s | 数据量: 7.3KB | 总耗时: 0.21s | 阈值: 120KB/s
[2026-10-09 09:20:09] ✅ 通过阈值 HTTP测速: http://hlsztemgsplive.miguvideo.com:8080/wd_r1/2018/bestv/dycj/1000/index.m3u8?msisdn=20261009060305be90bec4c8044518a2355f4e2a3d86d9&mdspid=&spid=699212&netType=0&sid=2201008312&pid=2028597139&timestamp=20261009060305&Channel_ID=0116_2600000900-99000-201600010010027&ProgramID=608780988&ParentNodeID=-99&assertID=2201008312&client_ip=171.8.79.254&SecurityKey=20261009060305&promotionId=&mvid=2201008312&mcid=500020&playurlVersion=WX-A1-9.9.2-SNAPSHOT&userid=&jmhm=&videocodec=h264&appCode=miguvideo_android&bean=mgspad&tid=android&conFee=0&encrypt=21b39c4b0a992ad0d909936fcb27c4a3
   速度: 7310.55KB/s | 数据量: 7.3KB | 总耗时: 0.21s | 阈值: 120KB/s
[2026-10-09 09:20:09] ✅ 通过阈值 HTTP测速: http://hlsztemgsplive.miguvideo.com:8080/wd_r4/dfl/xinwenzonghehd/600/index.m3u8?msisdn=20261009060305e772713e5ff24455b000b04134ebfc62&mdspid=&spid=600697&netType=0&sid=5910022325&pid=2028597139&timestamp=20261009060305&Channel_ID=0116_2600000900-99000-201600010010027&ProgramID=651632657&ParentNodeID=-99&assertID=5910022325&client_ip=171.8.79.254&SecurityKey=20261009060305&promotionId=&mvid=5100001716&mcid=500020&playurlVersion=WX-A1-9.9.2-SNAPSHOT&userid=&jmhm=&videocodec=h264&appCode=miguvideo_android&bean=mgspad&tid=android&conFee=0&encrypt=58b92ab3a40270b8a72b8c21462108ad
   速度: 7310.55KB/s | 数据量: 7.3KB | 总耗时: 0.22s | 阈值: 120KB/s
[2026-10-09 09:20:09] ✅ 通过阈值 HTTP测速: http://hlsztemgsplive.miguvideo.com:8080/wd_r4/dfl/dianshijuhd/600/index.m3u8?msisdn=202610090603051cb38b875166477090b37cac7f500a45&mdspid=&spid=699212&netType=0&sid=5500002274&pid=2028597139&timestamp=20261009060305&Channel_ID=0116_2600000900-99000-201600010010027&ProgramID=617290047&ParentNodeID=-99&assertID=5500002274&client_ip=171.8.79.254&SecurityKey=20261009060305&promotionId=&mvid=5100001715&mcid=500020&playurlVersion=WX-A1-9.9.2-SNAPSHOT&userid=&jmhm=&videocodec=h264&appCode=miguvideo_android&bean=mgspad&tid=android&conFee=0&encrypt=3d38f6139425ec838d3741308f356bbf
   速度: 7310.55KB/s | 数据量: 7.3KB | 总耗时: 0.22s | 阈值: 120KB/s
[2026-10-09 09:20:09] ✅ 通过阈值 HTTP测速: http://hlsztemgsplive.miguvideo.com:8080/migu/kailu/nanjingkj/50/20230719/index.m3u8?msisdn=2026100906030605ce70debf6b4f04801cdf6c82bd679d&mdspid=&spid=699067&netType=0&sid=5910021865&pid=2028597139&timestamp=20261009060306&Channel_ID=0116_2600000900-99000-201600010010027&ProgramID=838153729&ParentNodeID=-99&assertID=5910021865&client_ip=171.8.79.254&SecurityKey=20261009060306&promotionId=&mvid=5900006205&mcid=500020&playurlVersion=WX-A1-9.9.2-SNAPSHOT&userid=&jmhm=&videocodec=h264&appCode=miguvideo_android&bean=mgspad&tid=android&conFee=0&encrypt=354e8861c23f12d764bc902ce900cd9f
   速度: 7310.55KB/s | 数据量: 7.3KB | 总耗时: 0.01s | 阈值: 120KB/s
[2026-10-09 09:20:09] ✅ 通过阈值 HTTP测速: http://hlsztemgsplive.miguvideo.com:8080/migu/kailu/nanjingsb/50/20230719/index.m3u8?msisdn=2026100906030670c1dbbc649f4401a98dd9f91028329d&mdspid=&spid=699067&netType=0&sid=5910021864&pid=2028597139&timestamp=20261009060306&Channel_ID=0116_2600000900-99000-201600010010027&ProgramID=838151753&ParentNodeID=-99&assertID=5910021864&client_ip=171.8.79.254&SecurityKey=20261009060306&promotionId=&mvid=5900006207&mcid=500020&playurlVersion=WX-A1-9.9.2-SNAPSHOT&userid=&jmhm=&videocodec=h264&appCode=miguvideo_android&bean=mgspad&tid=android&conFee=0&encrypt=f89f5adbbaf7860b27ce526fba474237
   速度: 7310.55KB/s | 数据量: 7.3KB | 总耗时: 0.01s | 阈值: 120KB/s
[2026-10-09 09:20:10] ✅ 通过阈值 HTTP测速: http://hlsztemgsplive.miguvideo.com:8080/wd_r2/jstv/jsguoji/600/index.m3u8?msisdn=202610090603065d37653f8ebb48ae965b63fc453d89e1&mdspid=&spid=699067&netType=0&sid=5500260577&pid=2028597139&timestamp=20261009060306&Channel_ID=0116_2600000900-99000-201600010010027&ProgramID=626064674&ParentNodeID=-99&assertID=5500260577&client_ip=171.8.79.254&SecurityKey=20261009060306&promotionId=&mvid=5100186482&mcid=500020&playurlVersion=WX-A1-9.9.2-SNAPSHOT&userid=&jmhm=&videocodec=h264&appCode=miguvideo_android&bean=mgspad&tid=android&conFee=0&encrypt=b9c86129344ab93c133268aebdeb0d60
   速度: 7310.55KB/s | 数据量: 7.3KB | 总耗时: 0.30s | 阈值: 120KB/s
[2026-10-09 09:20:10] ✅ 通过阈值 HTTP测速: http://hlsztemgsplive.miguvideo.com:8080/wd_r2/jstv/jstiyu/600/index.m3u8?msisdn=2026100906030690a181595a0b494a89b732ab584aecb3&mdspid=&spid=699067&netType=0&sid=5500260554&pid=2028597139&timestamp=20261009060306&Channel_ID=0116_2600000900-99000-201600010010027&ProgramID=626064707&ParentNodeID=-99&assertID=5500260554&client_ip=171.8.79.254&SecurityKey=20261009060306&promotionId=&mvid=5100186459&mcid=500020&playurlVersion=WX-A1-9.9.2-SNAPSHOT&userid=&jmhm=&videocodec=h264&appCode=miguvideo_android&bean=mgspad&tid=android&conFee=0&encrypt=1a4d661b729ec654f92338fec34a2f94
   速度: 7310.55KB/s | 数据量: 7.3KB | 总耗时: 0.31s | 阈值: 120KB/s
[2026-10-09 09:20:10] ✅ 通过阈值 HTTP测速: http://hlsztemgsplive.miguvideo.com:8080/wd_r2/jstv/jsjiaoyu/600/index.m3u8?msisdn=20261009060306340e24135b5f4b939d2df6d6f22de718&mdspid=&spid=699067&netType=0&sid=5500287493&pid=2028597139&timestamp=20261009060306&Channel_ID=0116_2600000900-99000-201600010010027&ProgramID=628008321&ParentNodeID=-99&assertID=5500287493&client_ip=171.8.79.254&SecurityKey=20261009060306&promotionId=&mvid=5101012819&mcid=500020&playurlVersion=WX-A1-9.9.2-SNAPSHOT&userid=&jmhm=&videocodec=h264&appCode=miguvideo_android&bean=mgspad&tid=android&conFee=0&encrypt=d146cf354a8a1947c0cc84da1f94aacb
   速度: 7310.55KB/s | 数据量: 7.3KB | 总耗时: 0.30s | 阈值: 120KB/s
[2026-10-09 09:20:10] ✅ 通过阈值 HTTP测速: http://hlsztemgsplive.miguvideo.com:8080/wd_r2/jstv/jschengshi/600/index.m3u8?msisdn=20261009060306f6c941884ba44d818775a29383058170&mdspid=&spid=699067&netType=0&sid=5500260508&pid=2028597139&timestamp=20261009060306&Channel_ID=0116_2600000900-99000-201600010010027&ProgramID=626064714&ParentNodeID=-99&assertID=5500260508&client_ip=171.8.79.254&SecurityKey=20261009060306&promotionId=&mvid=5100186409&mcid=500020&playurlVersion=WX-A1-9.9.2-SNAPSHOT&userid=&jmhm=&videocodec=h264&appCode=miguvideo_android&bean=mgspad&tid=android&conFee=0&encrypt=c58b379ef6bc978096b8378928b079c6
   速度: 7310.55KB/s | 数据量: 7.3KB | 总耗时: 0.31s | 阈值: 120KB/s
[2026-10-09 09:20:10] ✅ 通过阈值 HTTP测速: http://hlsztemgsplive.miguvideo.com:8080/wd_r2/jstv/jsgonggong/600/index.m3u8?msisdn=202610090603077d0ee4ef41cc46c697a43ebedfd73939&mdspid=&spid=699067&netType=0&sid=5500260520&pid=2028597139&timestamp=20261009060307&Channel_ID=0116_2600000900-99000-201600010010027&ProgramID=626064693&ParentNodeID=-99&assertID=5500260520&client_ip=171.8.79.254&SecurityKey=20261009060307&promotionId=&mvid=5100186429&mcid=500020&playurlVersion=WX-A1-9.9.2-SNAPSHOT&userid=&jmhm=&videocodec=h264&appCode=miguvideo_android&bean=mgspad&tid=android&conFee=0&encrypt=d6fd112e8a5e259a51a4f5c9f6c26127
   速度: 7310.55KB/s | 数据量: 7.3KB | 总耗时: 0.01s | 阈值: 120KB/s
[2026-10-09 09:20:10] ✅ 通过阈值 HTTP测速: http://hlsztemgsplive.miguvideo.com:8080/wd_r2/jstv/jszongyi/600/index.m3u8?msisdn=20261009060307fbc8ea983b24411cae86675090635623&mdspid=&spid=699067&netType=0&sid=5500260513&pid=2028597139&timestamp=20261009060307&Channel_ID=0116_2600000900-99000-201600010010027&ProgramID=626065193&ParentNodeID=-99&assertID=5500260513&client_ip=171.8.79.254&SecurityKey=20261009060307&promotionId=&mvid=5100186420&mcid=500020&playurlVersion=WX-A1-9.9.2-SNAPSHOT&userid=&jmhm=&videocodec=h264&appCode=miguvideo_android&bean=mgspad&tid=android&conFee=0&encrypt=74109f3116001ed94e729cd32010871a
   速度: 7310.55KB/s | 数据量: 7.3KB | 总耗时: 0.01s | 阈值: 120KB/s
[2026-10-09 09:20:10] ✅ 通过阈值 HTTP测速: http://hlsztemgsplive.miguvideo.com:8080/wd_r2/jstv/jsyingshi/600/index.m3u8?msisdn=20261009060307e00abb46ab434ce2beec4c609dcd680e&mdspid=&spid=699067&netType=0&sid=5500260517&pid=2028597139&timestamp=20261009060307&Channel_ID=0116_2600000900-99000-201600010010027&ProgramID=626064697&ParentNodeID=-99&assertID=5500260517&client_ip=171.8.79.254&SecurityKey=20261009060307&promotionId=&mvid=5100186424&mcid=500020&playurlVersion=WX-A1-9.9.2-SNAPSHOT&userid=&jmhm=&videocodec=h264&appCode=miguvideo_android&bean=mgspad&tid=android&conFee=0&encrypt=95527498868573754cad8b0a7d8adfa1
   速度: 5090.08KB/s | 数据量: 7.3KB | 总耗时: 0.01s | 阈值: 120KB/s
[2026-10-09 09:20:10] ✅ 通过阈值 HTTP测速: http://hlsztemgsplive.miguvideo.com:8080/migu/kailu/ycxwzh/50/20250604/index.m3u8?msisdn=202610090603074e98512b3a854b5ea9f27bbd303df937&mdspid=&spid=699067&netType=0&sid=5500469360&pid=2028597139&timestamp=20261009060307&Channel_ID=0116_2600000900-99000-201600010010027&ProgramID=639731825&ParentNodeID=-99&assertID=5500469360&client_ip=171.8.79.254&SecurityKey=20261009060307&promotionId=&mvid=5102012617&mcid=500020&playurlVersion=WX-A1-9.9.2-SNAPSHOT&userid=&jmhm=&videocodec=h264&appCode=miguvideo_android&bean=mgspad&tid=android&conFee=0&encrypt=ff2d4354be0a9c6fb724419524742667
   速度: 7310.55KB/s | 数据量: 7.3KB | 总耗时: 0.01s | 阈值: 120KB/s
[2026-10-09 09:20:10] ✅ HTTPS测速成功: https://hkstv.tv/api/m3u8-proxy?url=http%3A%2F%2Fwebcast.hkstv.tv%2Flivestream%2Fmutfysrq%2Fplaylist.m3u8
   速度: 114.26KB/s | 数据量: 0.1KB | 总耗时: 0.67s | 证书: 有效
[2026-10-09 09:20:10] ✅ 通过阈值 HTTP测速: http://hlsztemgsplive.miguvideo.com:8080/wd_r2/jstv/tzxinwenzonghe/600/index.m3u8?msisdn=202610090603087d18aacf83ba4a188c2e9fc4b615d17a&mdspid=&spid=699067&netType=0&sid=5500469354&pid=2028597139&timestamp=20261009060308&Channel_ID=0116_2600000900-99000-201600010010027&ProgramID=639731818&ParentNodeID=-99&assertID=5500469354&client_ip=171.8.79.254&SecurityKey=20261009060308&promotionId=&mvid=5102012615&mcid=500020&playurlVersion=WX-A1-9.9.2-SNAPSHOT&userid=&jmhm=&videocodec=h264&appCode=miguvideo_android&bean=mgspad&tid=android&conFee=0&encrypt=a3d81f273f92b19fb61d74e37cb19d85
   速度: 7310.55KB/s | 数据量: 7.3KB | 总耗时: 0.01s | 阈值: 120KB/s
[2026-10-09 09:20:10] ✅ 通过阈值 HTTP测速: http://hlsztemgsplive.miguvideo.com:8080/wd_r2/jstv/haxinwenzonghe/600/index.m3u8?msisdn=202610090603073a6a029bb6ca43f09084c5e90adfcf76&mdspid=&spid=699067&netType=0&sid=5500469363&pid=2028597139&timestamp=20261009060307&Channel_ID=0116_2600000900-99000-201600010010027&ProgramID=639731826&ParentNodeID=-99&assertID=5500469363&client_ip=171.8.79.254&SecurityKey=20261009060307&promotionId=&mvid=5102012618&mcid=500020&playurlVersion=WX-A1-9.9.2-SNAPSHOT&userid=&jmhm=&videocodec=h264&appCode=miguvideo_android&bean=mgspad&tid=android&conFee=0&encrypt=d4e5bb9e0a9b029d71380fbd1a32c830
   速度: 7310.55KB/s | 数据量: 7.3KB | 总耗时: 0.01s | 阈值: 120KB/s
[2026-10-09 09:20:10] ✅ 通过阈值 HTTP测速: http://hlsztemgsplive.miguvideo.com:8080/wd_r2/jstv/lygxinwenzonghe/600/index.m3u8?msisdn=2026100906030851dd10c904034e69ab49ddd41ca46ab4&mdspid=&spid=699067&netType=0&sid=5500469369&pid=2028597139&timestamp=20261009060308&Channel_ID=0116_2600000900-99000-201600010010027&ProgramID=639731715&ParentNodeID=-99&assertID=5500469369&client_ip=171.8.79.254&SecurityKey=20261009060308&promotionId=&mvid=5102012621&mcid=500020&playurlVersion=WX-A1-9.9.2-SNAPSHOT&userid=&jmhm=&videocodec=h264&appCode=miguvideo_android&bean=mgspad&tid=android&conFee=0&encrypt=6779b04d573bb74a7ea042c4a60b0ec4
   速度: 7310.55KB/s | 数据量: 7.3KB | 总耗时: 0.01s | 阈值: 120KB/s
[2026-10-09 09:20:10] ✅ 通过阈值 HTTP测速: http://hlsztemgsplive.miguvideo.com:8080/wd_r2/jstv/sqxinwenzonghe/600/index.m3u8?msisdn=2026100906030853c6357eff7c4627bf2244e41b9375dd&mdspid=&spid=699067&netType=0&sid=5500469357&pid=2028597139&timestamp=20261009060308&Channel_ID=0116_2600000900-99000-201600010010027&ProgramID=639731832&ParentNodeID=-99&assertID=5500469357&client_ip=171.8.79.254&SecurityKey=20261009060308&promotionId=&mvid=5102012616&mcid=500020&playurlVersion=WX-A1-9.9.2-SNAPSHOT&userid=&jmhm=&videocodec=h264&appCode=miguvideo_android&bean=mgspad&tid=android&conFee=0&encrypt=e8ffbf33a9958f5596e2ef9e7ddb47fd
   速度: 7310.55KB/s | 数据量: 7.3KB | 总耗时: 0.01s | 阈值: 120KB/s
[2026-10-09 09:20:10] ✅ 通过阈值 HTTP测速: http://hlsztemgsplive.miguvideo.com:8080/wd_r2/jstv/xzxinwenzonghe/600/index.m3u8?msisdn=202610090603081eaef7f645a7412584721bbcd5b8988f&mdspid=&spid=699067&netType=0&sid=5500469368&pid=2028597139&timestamp=20261009060308&Channel_ID=0116_2600000900-99000-201600010010027&ProgramID=639731747&ParentNodeID=-99&assertID=5500469368&client_ip=171.8.79.254&SecurityKey=20261009060308&promotionId=&mvid=5102012620&mcid=500020&playurlVersion=WX-A1-9.9.2-SNAPSHOT&userid=&jmhm=&videocodec=h264&appCode=miguvideo_android&bean=mgspad&tid=android&conFee=0&encrypt=be59b328b17edfae0c74de2e6e39f3c0
   速度: 7310.55KB/s | 数据量: 7.3KB | 总耗时: 0.01s | 阈值: 120KB/s
[2026-10-09 09:20:10] ✅ 通过阈值 HTTP测速: http://hlsztemgsplive.miguvideo.com:8080/migu/kailu/jyxwzh/50/20250604/index.m3u8?msisdn=20261009060308038ec27584144cbfb1723ecc4f5de6a8&mdspid=&spid=699067&netType=0&sid=5910022177&pid=2028597139&timestamp=20261009060308&Channel_ID=0116_2600000900-99000-201600010010027&ProgramID=955227979&ParentNodeID=-99&assertID=5910022177&client_ip=171.8.79.254&SecurityKey=20261009060308&promotionId=&mvid=5900006705&mcid=500020&playurlVersion=WX-A1-9.9.2-SNAPSHOT&userid=&jmhm=&videocodec=h264&appCode=miguvideo_android&bean=mgspad&tid=android&conFee=0&encrypt=b127941575d579e463e15cf8bef460ae
   速度: 7310.55KB/s | 数据量: 7.3KB | 总耗时: 0.01s | 阈值: 120KB/s
[2026-10-09 09:20:10] ✅ 通过阈值 HTTP测速: http://hlsztemgsplive.miguvideo.com:8080/wd_r2/jstv/ymkt/600/index.m3u8?msisdn=2026100906030805f2727a57b34216bef387a1417606b3&mdspid=&spid=699067&netType=0&sid=5500260553&pid=2028597139&timestamp=20261009060308&Channel_ID=0116_2600000900-99000-201600010010027&ProgramID=626064703&ParentNodeID=-99&assertID=5500260553&client_ip=171.8.79.254&SecurityKey=20261009060308&promotionId=&mvid=5100186455&mcid=500020&playurlVersion=WX-A1-9.9.2-SNAPSHOT&userid=&jmhm=&videocodec=h264&appCode=miguvideo_android&bean=mgspad&tid=android&conFee=0&encrypt=df08dde06e1a74725432d7d1a0bb6274
   速度: 7310.55KB/s | 数据量: 7.3KB | 总耗时: 0.01s | 阈值: 120KB/s
[2026-10-09 09:20:10] ✅ 通过阈值 HTTP测速: http://hlsztemgsplive.miguvideo.com:8080/migu/kailu/yxxwzh/50/20250604/index.m3u8?msisdn=20261009060309704c145c51c44c488551222a27972c46&mdspid=&spid=699067&netType=0&sid=5910022179&pid=2028597139&timestamp=20261009060309&Channel_ID=0116_2600000900-99000-201600010010027&ProgramID=955227996&ParentNodeID=-99&assertID=5910022179&client_ip=171.8.79.254&SecurityKey=20261009060309&promotionId=&mvid=5900006707&mcid=500020&playurlVersion=WX-A1-9.9.2-SNAPSHOT&userid=&jmhm=&videocodec=h264&appCode=miguvideo_android&bean=mgspad&tid=android&conFee=0&encrypt=463b988090a6b089191a65ca27a246b1
   速度: 7310.55KB/s | 数据量: 7.3KB | 总耗时: 0.01s | 阈值: 120KB/s
[2026-10-09 09:20:10] ✅ 通过阈值 HTTP测速: http://hlsztemgsplive.miguvideo.com:8080/migu/kailu/ntxwzh/50/20250604/index.m3u8?msisdn=202610090603099b3400c2e542423480753173585d78ce&mdspid=&spid=699067&netType=0&sid=5910022178&pid=2028597139&timestamp=20261009060309&Channel_ID=0116_2600000900-99000-201600010010027&ProgramID=955227985&ParentNodeID=-99&assertID=5910022178&client_ip=171.8.79.254&SecurityKey=20261009060309&promotionId=&mvid=5900006706&mcid=500020&playurlVersion=WX-A1-9.9.2-SNAPSHOT&userid=&jmhm=&videocodec=h264&appCode=miguvideo_android&bean=mgspad&tid=android&conFee=0&encrypt=559bf27602f4c6456c67b773b566a8e5
   速度: 7310.55KB/s | 数据量: 7.3KB | 总耗时: 0.01s | 阈值: 120KB/s
[2026-10-09 09:20:10] ✅ 通过阈值 HTTP测速: http://hlsztemgsplive.miguvideo.com:8080/migu/kailu/wxxwzh/50/20250604/index.m3u8?msisdn=202610090603097c6a0301b21d4609b5d42fbd37d43da7&mdspid=&spid=699067&netType=0&sid=5500469349&pid=2028597139&timestamp=20261009060309&Channel_ID=0116_2600000900-99000-201600010010027&ProgramID=639737327&ParentNodeID=-99&assertID=5500469349&client_ip=171.8.79.254&SecurityKey=20261009060309&promotionId=&mvid=5102012612&mcid=500020&playurlVersion=WX-A1-9.9.2-SNAPSHOT&userid=&jmhm=&videocodec=h264&appCode=miguvideo_android&bean=mgspad&tid=android&conFee=0&encrypt=75e67627a561f4f1eb7ca05437b17021
   速度: 7310.55KB/s | 数据量: 7.3KB | 总耗时: 0.01s | 阈值: 120KB/s
[2026-10-09 09:20:10] ✅ 通过阈值 HTTP测速: http://hlsztemgsplive.miguvideo.com:8080/migu/kailu/sxylpd/50/20250804/index.m3u8?msisdn=202610090603092dcfa2ae1ffd48699d036070011f75e6&mdspid=&spid=600572&netType=0&sid=5910022191&pid=2028597139&timestamp=20261009060309&Channel_ID=0116_2600000900-99000-201600010010027&ProgramID=956909362&ParentNodeID=-99&assertID=5910022191&client_ip=171.8.79.254&SecurityKey=20261009060309&promotionId=&mvid=5900006714&mcid=500020&playurlVersion=WX-A1-9.9.2-SNAPSHOT&userid=&jmhm=&videocodec=h264&appCode=miguvideo_android&bean=mgspad&tid=android&conFee=0&encrypt=a2552b43827e0b77c0558ab5d4570e06
   速度: 7310.55KB/s | 数据量: 7.3KB | 总耗时: 0.01s | 阈值: 120KB/s
[2026-10-09 09:20:10] ✅ 通过阈值 HTTP测速: http://hlsztemgsplive.miguvideo.com:8080/migu/kailu/sxqqpd/50/20250804/index.m3u8?msisdn=202610090603091e1ff343784e42f9ad7d0e5bc90cfddf&mdspid=&spid=600572&netType=0&sid=5910022188&pid=2028597139&timestamp=20261009060309&Channel_ID=0116_2600000900-99000-201600010010027&ProgramID=956909303&ParentNodeID=-99&assertID=5910022188&client_ip=171.8.79.254&SecurityKey=20261009060309&promotionId=&mvid=5900006711&mcid=500020&playurlVersion=WX-A1-9.9.2-SNAPSHOT&userid=&jmhm=&videocodec=h264&appCode=miguvideo_android&bean=mgspad&tid=android&conFee=0&encrypt=d539396c3b9c90b9df9765cd8724a6b4
   速度: 7310.55KB/s | 数据量: 7.3KB | 总耗时: 0.01s | 阈值: 120KB/s
[2026-10-09 09:20:10] ✅ 通过阈值 HTTP测速: http://hlsztemgsplive.miguvideo.com:8080/migu/kailu/sxdsqc/50/20250804/index.m3u8?msisdn=202610090603098e36e813181f47cbbe88726f1a83c9d0&mdspid=&spid=600572&netType=0&sid=5910022190&pid=2028597139&timestamp=20261009060309&Channel_ID=0116_2600000900-99000-201600010010027&ProgramID=956909358&ParentNodeID=-99&assertID=5910022190&client_ip=171.8.79.254&SecurityKey=20261009060309&promotionId=&mvid=5900006713&mcid=500020&playurlVersion=WX-A1-9.9.2-SNAPSHOT&userid=&jmhm=&videocodec=h264&appCode=miguvideo_android&bean=mgspad&tid=android&conFee=0&encrypt=e9c6c2ba39266f01b09c57a9b7ee7bd5
   速度: 7310.55KB/s | 数据量: 7.3KB | 总耗时: 0.01s | 阈值: 120KB/s
[2026-10-09 09:20:10] ✅ 通过阈值 HTTP测速: http://hlsztemgsplive.miguvideo.com:8080/migu/kailu/sxxwzx/50/20250804/index.m3u8?msisdn=20261009060310ef444f101cad4709b32d6bbafc733bf3&mdspid=&spid=600572&netType=0&sid=5910022187&pid=2028597139&timestamp=20261009060310&Channel_ID=0116_2600000900-99000-201600010010027&ProgramID=956909289&ParentNodeID=-99&assertID=5910022187&client_ip=171.8.79.254&SecurityKey=20261009060310&promotionId=&mvid=5900006710&mcid=500020&playurlVersion=WX-A1-9.9.2-SNAPSHOT&userid=&jmhm=&videocodec=h264&appCode=miguvideo_android&bean=mgspad&tid=android&conFee=0&encrypt=a346459cb7fed22844c3cbecaf452621
   速度: 7310.55KB/s | 数据量: 7.3KB | 总耗时: 0.01s | 阈值: 120KB/s
[2026-10-09 09:20:10] ✅ 通过阈值 HTTP测速: http://hlsztemgsplive.miguvideo.com:8080/migu/kailu/lnysj/50/20251225/index.m3u8?msisdn=20261009060310815be5bdfac54b068fe50632aede4073&mdspid=&spid=600697&netType=0&sid=5910022326&pid=2028597139&timestamp=20261009060310&Channel_ID=0116_2600000900-99000-201600010010027&ProgramID=962067517&ParentNodeID=-99&assertID=5910022326&client_ip=171.8.79.254&SecurityKey=20261009060310&promotionId=&mvid=5900006789&mcid=500020&playurlVersion=WX-A1-9.9.2-SNAPSHOT&userid=&jmhm=&videocodec=h264&appCode=miguvideo_android&bean=mgspad&tid=android&conFee=0&encrypt=262dbbc8673ed6707230cdb495f3cc4d
   速度: 7310.55KB/s | 数据量: 7.3KB | 总耗时: 0.01s | 阈值: 120KB/s
[2026-10-09 09:20:10] ✅ 通过阈值 HTTP测速: http://hlsztemgsplive.miguvideo.com:8080/migu/kailu/lnsh/50/20251225/index.m3u8?msisdn=20261009060310931fa51aec8f4d618ee525a294fc9659&mdspid=&spid=600697&netType=0&sid=5910022324&pid=2028597139&timestamp=20261009060310&Channel_ID=0116_2600000900-99000-201600010010027&ProgramID=962045226&ParentNodeID=-99&assertID=5910022324&client_ip=171.8.79.254&SecurityKey=20261009060310&promotionId=&mvid=5900006792&mcid=500020&playurlVersion=WX-A1-9.9.2-SNAPSHOT&userid=&jmhm=&videocodec=h264&appCode=miguvideo_android&bean=mgspad&tid=android&conFee=0&encrypt=f6400660ed27e851fdd419ff4acac15a
   速度: 7310.55KB/s | 数据量: 7.3KB | 总耗时: 0.01s | 阈值: 120KB/s
[2026-10-09 09:20:10] ✅ 通过阈值 HTTP测速: http://hlsztemgsplive.miguvideo.com:8080/migu/kailu/cftx/50/20250804/index.m3u8?msisdn=20261009060310e92a74f03187423c961a584d6b02684c&mdspid=&spid=600697&netType=0&sid=5910022193&pid=2028597139&timestamp=20261009060310&Channel_ID=0116_2600000900-99000-201600010010027&ProgramID=956923159&ParentNodeID=-99&assertID=5910022193&client_ip=171.8.79.254&SecurityKey=20261009060310&promotionId=&mvid=5900006715&mcid=500020&playurlVersion=WX-A1-9.9.2-SNAPSHOT&userid=&jmhm=&videocodec=h264&appCode=miguvideo_android&bean=mgspad&tid=android&conFee=0&encrypt=c449ea17f57f19544d59b9c4026aa75a
   速度: 6570.10KB/s | 数据量: 7.3KB | 总耗时: 0.02s | 阈值: 120KB/s
[2026-10-09 09:20:10] ✅ 通过阈值 HTTP测速: http://hlsztemgsplive.miguvideo.com:8080/migu/kailu/zjxwzh/50/20251127/index.m3u8?msisdn=2026100906031086be0d5c6c2a4b0b8253dc3ca8306880&mdspid=&spid=699067&netType=0&sid=5500469365&pid=2028597139&timestamp=20261009060310&Channel_ID=0116_2600000900-99000-201600010010027&ProgramID=639731783&ParentNodeID=-99&assertID=5500469365&client_ip=171.8.79.254&SecurityKey=20261009060310&promotionId=&mvid=5102012619&mcid=500020&playurlVersion=WX-A1-9.9.2-SNAPSHOT&userid=&jmhm=&videocodec=h264&appCode=miguvideo_android&bean=mgspad&tid=android&conFee=0&encrypt=2cb5a5ed63e51a80a10e6fbc3b78199c
   速度: 7310.55KB/s | 数据量: 7.3KB | 总耗时: 0.01s | 阈值: 120KB/s
[2026-10-09 09:20:10] ✅ 通过阈值 HTTP测速: http://hlsztemgsplive.miguvideo.com:8080/migu/kailu/lngg/50/20251225/index.m3u8?msisdn=20261009060310188cf109f1c04025a1cdd0743a58e84e&mdspid=&spid=600697&netType=0&sid=5910022323&pid=2028597139&timestamp=20261009060310&Channel_ID=0116_2600000900-99000-201600010010027&ProgramID=962045223&ParentNodeID=-99&assertID=5910022323&client_ip=171.8.79.254&SecurityKey=20261009060310&promotionId=&mvid=5900006791&mcid=500020&playurlVersion=WX-A1-9.9.2-SNAPSHOT&userid=&jmhm=&videocodec=h264&appCode=miguvideo_android&bean=mgspad&tid=android&conFee=0&encrypt=e1779f7124aead93c6cfafa9d75dcae8
   速度: 5679.32KB/s | 数据量: 7.3KB | 总耗时: 0.01s | 阈值: 120KB/s
[2026-10-09 09:20:10] ✅ 通过阈值 HTTP测速: http://hlsztemgsplive.miguvideo.com:8080/migu/kailu/lntyxx/50/20251225/index.m3u8?msisdn=20261009060310954215d4bc9c44a993447fbee48dd573&mdspid=&spid=600697&netType=0&sid=5910022329&pid=2028597139&timestamp=20261009060310&Channel_ID=0116_2600000900-99000-201600010010027&ProgramID=962067526&ParentNodeID=-99&assertID=5910022329&client_ip=171.8.79.254&SecurityKey=20261009060310&promotionId=&mvid=5900006790&mcid=500020&playurlVersion=WX-A1-9.9.2-SNAPSHOT&userid=&jmhm=&videocodec=h264&appCode=miguvideo_android&bean=mgspad&tid=android&conFee=0&encrypt=d43a2e249e2336fd90e62bb8ee466490
   速度: 7310.55KB/s | 数据量: 7.3KB | 总耗时: 0.01s | 阈值: 120KB/s
[2026-10-09 09:20:10] ✅ 通过阈值 HTTP测速: http://hlsztemgsplive.miguvideo.com:8080/migu/kailu/nxwl/50/20251225/index.m3u8?msisdn=20261009060311b03f2d9224c946309ea87210e6935dac&mdspid=&spid=600697&netType=0&sid=5910022328&pid=2028597139&timestamp=20261009060311&Channel_ID=0116_2600000900-99000-201600010010027&ProgramID=962067523&ParentNodeID=-99&assertID=5910022328&client_ip=171.8.79.254&SecurityKey=20261009060311&promotionId=&mvid=5900006788&mcid=500020&playurlVersion=WX-A1-9.9.2-SNAPSHOT&userid=&jmhm=&videocodec=h264&appCode=miguvideo_android&bean=mgspad&tid=android&conFee=0&encrypt=2820d3e9bf79f49909dfaf00a08c6d27
   速度: 7310.55KB/s | 数据量: 7.3KB | 总耗时: 0.01s | 阈值: 120KB/s
[2026-10-09 09:20:10] ✅ 通过阈值 HTTP测速: http://hlsztemgsplive.miguvideo.com:8080/migu/kailu/szxwzh/50/20250604/index.m3u8?msisdn=20261009060311763ea14d11434517879ab45a6fcc7386&mdspid=&spid=600697&netType=0&sid=5910022410&pid=2028597139&timestamp=20261009060311&Channel_ID=0116_2600000900-99000-201600010010027&ProgramID=639731952&ParentNodeID=-99&assertID=5910022410&client_ip=171.8.79.254&SecurityKey=20261009060311&promotionId=&mvid=5102012610&mcid=500020&playurlVersion=WX-A1-9.9.2-SNAPSHOT&userid=&jmhm=&videocodec=h264&appCode=miguvideo_android&bean=mgspad&tid=android&conFee=0&encrypt=c96b35c9de8b5ba61d5252660fe49d7d
   速度: 7310.55KB/s | 数据量: 7.3KB | 总耗时: 0.01s | 阈值: 120KB/s
[2026-10-09 09:20:10] ✅ 通过阈值 HTTP测速: http://hlsztemgsplive.miguvideo.com:8080/wd_r2/virtuallive/5100180869/75/index.m3u8?msisdn=2026100906014154f726aae8384be09ec292e64fe6077d&mdspid=&spid=800033&netType=0&sid=5500242089&pid=2028597139&timestamp=20261009060141&Channel_ID=0116_2600000900-99000-201600010010027&ProgramID=625703337&ParentNodeID=-99&assertID=5500242089&client_ip=171.8.79.254&SecurityKey=20261009060141&promotionId=&mvid=5100180869&mcid=500020&playurlVersion=WX-A1-9.9.2-SNAPSHOT&userid=&jmhm=&videocodec=h264&appCode=miguvideo_android&bean=mgspad&tid=android&conFee=0&encrypt=d5bf53f26b8e48d8ad911793985f745c
   速度: 7310.55KB/s | 数据量: 7.3KB | 总耗时: 0.01s | 阈值: 120KB/s
[2026-10-09 09:20:10] ✅ 通过阈值 HTTP测速: http://hlsztemgsplive.miguvideo.com:8080/migu/virtuallive2/5900002413/50/20210706/index.m3u8?msisdn=202610090603110b26894e8a294a988add917518328bb8&mdspid=&spid=800033&netType=0&sid=5910019527&pid=2028597139&timestamp=20261009060311&Channel_ID=0116_2600000900-99000-201600010010027&ProgramID=713600957&ParentNodeID=-99&assertID=5910019527&client_ip=171.8.79.254&SecurityKey=20261009060311&promotionId=&mvid=5900002443&mcid=500020&playurlVersion=WX-A1-9.9.2-SNAPSHOT&userid=&jmhm=&videocodec=h264&appCode=miguvideo_android&bean=mgspad&tid=android&conFee=0&encrypt=7e0613cc70a768e2358d691adb1da201
   速度: 7310.55KB/s | 数据量: 7.3KB | 总耗时: 0.01s | 阈值: 120KB/s
[2026-10-09 09:20:10] ✅ 通过阈值 HTTP测速: http://hlsztemgsplive.miguvideo.com:8080/wd-virtuallive5100030975-75/index.m3u8?msisdn=2026100906031196eb20472e594081a76ad79cd828208e&mdspid=&spid=800033&netType=0&sid=5500035175&pid=2028597139&timestamp=20261009060311&Channel_ID=0116_2600000900-99000-201600010010027&ProgramID=619495952&ParentNodeID=-99&assertID=5500035175&client_ip=171.8.79.254&SecurityKey=20261009060311&promotionId=&mvid=5100030975&mcid=500020&playurlVersion=WX-A1-9.9.2-SNAPSHOT&userid=&jmhm=&videocodec=h264&appCode=miguvideo_android&bean=mgspad&tid=android&conFee=0&encrypt=46d37314a2ea097c14ac5c9ad3685ba9
   速度: 7310.55KB/s | 数据量: 7.3KB | 总耗时: 0.01s | 阈值: 120KB/s
[2026-10-09 09:20:10] ✅ 通过阈值 HTTP测速: http://hlsztemgsplive.miguvideo.com:8080/migu/kailu/chcymdy/50/20250415/index.m3u8?msisdn=2026100906031167ee82e6b85740ce8c9bffa4e0e20a77&mdspid=&spid=699004&netType=0&sid=5910022176&pid=2028597139&timestamp=20261009060311&Channel_ID=0116_2600000900-99000-201600010010027&ProgramID=952383261&ParentNodeID=-99&assertID=5910022176&client_ip=171.8.79.254&SecurityKey=20261009060311&promotionId=&mvid=5900006704&mcid=500020&playurlVersion=WX-A1-9.9.2-SNAPSHOT&userid=&jmhm=&videocodec=h264&appCode=miguvideo_android&bean=mgspad&tid=android&conFee=0&encrypt=7cc4ed9b465f42299be34f19ca625a51
   速度: 7310.55KB/s | 数据量: 7.3KB | 总耗时: 0.01s | 阈值: 120KB/s
[2026-10-09 09:20:10] ✅ 通过阈值 HTTP测速: http://hlsztemgsplive.miguvideo.com:8080/migu/virtuallive2/5900002411/50/20210706/index.m3u8?msisdn=20261009060312ebedc8007eb64f7f8f2f4973992e8755&mdspid=&spid=800033&netType=0&sid=5910019525&pid=2028597139&timestamp=20261009060312&Channel_ID=0116_2600000900-99000-201600010010027&ProgramID=713591450&ParentNodeID=-99&assertID=5910019525&client_ip=171.8.79.254&SecurityKey=20261009060312&promotionId=&mvid=5900002421&mcid=500020&playurlVersion=WX-A1-9.9.2-SNAPSHOT&userid=&jmhm=&videocodec=h264&appCode=miguvideo_android&bean=mgspad&tid=android&conFee=0&encrypt=43a39842f8c032146b7ad0efb2838d79
   速度: 7310.55KB/s | 数据量: 7.3KB | 总耗时: 0.01s | 阈值: 120KB/s
[2026-10-09 09:20:10] ✅ 通过阈值 HTTP测速: http://hlsztemgsplive.miguvideo.com:8080/wd_r1/2018/nfmedia/nfys/1000/index.m3u8?msisdn=202610090603121485a4cc5f5e4fee8543de307f1ff06c&mdspid=&spid=699054&netType=0&sid=2206173738&pid=2028597139&timestamp=20261009060312&Channel_ID=0116_2600000900-99000-201600010010027&ProgramID=614961829&ParentNodeID=-99&assertID=2206173738&client_ip=171.8.79.254&SecurityKey=20261009060312&promotionId=&mvid=2206173738&mcid=500020&playurlVersion=WX-A1-9.9.2-SNAPSHOT&userid=&jmhm=&videocodec=h264&appCode=miguvideo_android&bean=mgspad&tid=android&conFee=0&encrypt=0c84479f6a95f95082e0a56606efff62
   速度: 7310.55KB/s | 数据量: 7.3KB | 总耗时: 0.01s | 阈值: 120KB/s
[2026-10-09 09:20:10] ✅ 通过阈值 HTTP测速: http://hlsztemgsplive.miguvideo.com:8080/migu/kailu/zgtq/50/20251103/index.m3u8?msisdn=202610090603127da09833550146a7b2994cb85e1fd0aa&mdspid=&spid=600697&netType=0&sid=5910022296&pid=2028597139&timestamp=20261009060312&Channel_ID=0116_2600000900-99000-201600010010027&ProgramID=959986621&ParentNodeID=-99&assertID=5910022296&client_ip=171.8.79.254&SecurityKey=20261009060312&promotionId=&mvid=5900006772&mcid=500020&playurlVersion=WX-A1-9.9.2-SNAPSHOT&userid=&jmhm=&videocodec=h264&appCode=miguvideo_android&bean=mgspad&tid=android&conFee=0&encrypt=4e971904dc420905b3f22e5dfffde3a5
   速度: 7310.55KB/s | 数据量: 7.3KB | 总耗时: 0.01s | 阈值: 120KB/s
[2026-10-09 09:20:10] ✅ 通过阈值 HTTP测速: http://hlsztemgsplive.miguvideo.com:8080/migu/kailu/cetv1/50/20240709/index.m3u8?msisdn=202610090603125b58dc160b564c9faf9955c5ec297fa8&mdspid=&spid=699004&netType=0&sid=5910022150&pid=2028597139&timestamp=20261009060312&Channel_ID=0116_2600000900-99000-201600010010027&ProgramID=923287154&ParentNodeID=-99&assertID=5910022150&client_ip=171.8.79.254&SecurityKey=20261009060312&promotionId=&mvid=5900006636&mcid=500020&playurlVersion=WX-A1-9.9.2-SNAPSHOT&userid=&jmhm=&videocodec=h264&appCode=miguvideo_android&bean=mgspad&tid=android&conFee=0&encrypt=5cfc3f62a2ccffecf02e02cc88a4e1d1
   速度: 7310.55KB/s | 数据量: 7.3KB | 总耗时: 0.01s | 阈值: 120KB/s
[2026-10-09 09:20:10] ✅ 通过阈值 HTTP测速: http://hlsztemgsplive.miguvideo.com:8080/migu/kailu/cetv2/50/20240709/index.m3u8?msisdn=20261009080259afd357fa0c95425a8a8aa4ea68f2b85f&mdspid=&spid=699004&netType=0&sid=5910022152&pid=2028597139&timestamp=20261009080259&Channel_ID=0116_2600000900-99000-201600010010027&ProgramID=923287211&ParentNodeID=-99&assertID=5910022152&client_ip=171.8.79.254&SecurityKey=20261009080259&promotionId=&mvid=5900006638&mcid=500020&playurlVersion=WX-A1-9.9.2-SNAPSHOT&userid=&jmhm=&videocodec=h264&appCode=miguvideo_android&bean=mgspad&tid=android&conFee=0&encrypt=95533d6ed3adfbca6f55acbb620368de
   速度: 7310.55KB/s | 数据量: 7.3KB | 总耗时: 0.01s | 阈值: 120KB/s
[2026-10-09 09:20:10] ✅ 通过阈值 HTTP测速: http://hlsztemgsplive.miguvideo.com:8080/migu/kailu/cetv4/50/20240709/index.m3u8?msisdn=202610090802593ce91571229646299b89788d8b462272&mdspid=&spid=699004&netType=0&sid=5910022154&pid=2028597139&timestamp=20261009080259&Channel_ID=0116_2600000900-99000-201600010010027&ProgramID=923287339&ParentNodeID=-99&assertID=5910022154&client_ip=171.8.79.254&SecurityKey=20261009080259&promotionId=&mvid=5900006640&mcid=500020&playurlVersion=WX-A1-9.9.2-SNAPSHOT&userid=&jmhm=&videocodec=h264&appCode=miguvideo_android&bean=mgspad&tid=android&conFee=0&encrypt=c7a6c4aa55dafbeb9e803229c9b5a043
   速度: 7310.55KB/s | 数据量: 7.3KB | 总耗时: 0.01s | 阈值: 120KB/s
[2026-10-09 09:20:10] ✅ 通过阈值 HTTP测速: http://hlsztemgsplive.miguvideo.com:8080/migu/kailu/sdjyws/50/20250915/index.m3u8?msisdn=202610090802597f4eac2cadd243a0b3108b0e84dff9b2&mdspid=&spid=600697&netType=0&sid=5910022199&pid=2028597139&timestamp=20261009080259&Channel_ID=0116_2600000900-99000-201600010010027&ProgramID=609154353&ParentNodeID=-99&assertID=5910022199&client_ip=171.8.79.254&SecurityKey=20261009080259&promotionId=&mvid=2200208305&mcid=500020&playurlVersion=WX-A1-9.9.2-SNAPSHOT&userid=&jmhm=&videocodec=h264&appCode=miguvideo_android&bean=mgspad&tid=android&conFee=0&encrypt=14b86a9a27f5cd1565efd6fa1c9d3b52
   速度: 7310.55KB/s | 数据量: 7.3KB | 总耗时: 0.01s | 阈值: 120KB/s
[2026-10-09 09:20:10] ✅ 通过阈值 HTTP测速: http://hlsztemgsplive.miguvideo.com:8080/ws_x/2018/xiongmao/HD/1000/index.m3u8?msisdn=202610090802597294b447eff24b1a85d718a0cb12f712&mdspid=&spid=699004&netType=0&sid=2202634723&pid=2028597139&timestamp=20261009080259&Channel_ID=0116_2600000900-99000-201600010010027&ProgramID=609158151&ParentNodeID=-99&assertID=2202634723&client_ip=171.8.79.254&SecurityKey=20261009080259&promotionId=&mvid=2202634723&mcid=500020&playurlVersion=WX-A1-9.9.2-SNAPSHOT&userid=&jmhm=&videocodec=h264&appCode=miguvideo_android&bean=mgspad&tid=android&conFee=0&encrypt=21175f0995b7f4bb315e31ef219ed356
   速度: 7310.55KB/s | 数据量: 7.3KB | 总耗时: 0.01s | 阈值: 120KB/s
[2026-10-09 09:20:10] ✅ 通过阈值 HTTP测速: http://hlsztemgsplive.miguvideo.com:8080/envivo_x/2018/SD/xiongmao01/1000/index.m3u8?msisdn=20261009080300c8c2c4e7cfb9473b8e4317a391f6b3de&mdspid=&spid=699004&netType=0&sid=2200200699&pid=2028597139&timestamp=20261009080300&Channel_ID=0116_2600000900-99000-201600010010027&ProgramID=608933610&ParentNodeID=-99&assertID=2200200699&client_ip=171.8.79.254&SecurityKey=20261009080300&promotionId=&mvid=2200200699&mcid=500020&playurlVersion=WX-A1-9.9.2-SNAPSHOT&userid=&jmhm=&videocodec=h264&appCode=miguvideo_android&bean=mgspad&tid=android&conFee=0&encrypt=49d39d5631451d1b6592ffb119741bc0
   速度: 7310.55KB/s | 数据量: 7.3KB | 总耗时: 0.01s | 阈值: 120KB/s
[2026-10-09 09:20:10] ✅ 通过阈值 HTTP测速: http://hlsztemgsplive.miguvideo.com:8080/envivo_x/2018/SD/xiongmao02/1000/index.m3u8?msisdn=20261009080300f95f0cc89ef046cb84d60b61ebbe6818&mdspid=&spid=699004&netType=0&sid=2200200717&pid=2028597139&timestamp=20261009080300&Channel_ID=0116_2600000900-99000-201600010010027&ProgramID=608933640&ParentNodeID=-99&assertID=2200200717&client_ip=171.8.79.254&SecurityKey=20261009080300&promotionId=&mvid=2200200717&mcid=500020&playurlVersion=WX-A1-9.9.2-SNAPSHOT&userid=&jmhm=&videocodec=h264&appCode=miguvideo_android&bean=mgspad&tid=android&conFee=0&encrypt=fdee770e6a22607142fdda195e9127bf
   速度: 7310.55KB/s | 数据量: 7.3KB | 总耗时: 0.01s | 阈值: 120KB/s
[2026-10-09 09:20:10] ✅ 通过阈值 HTTP测速: http://hlsztemgsplive.miguvideo.com:8080/envivo_x/2018/SD/xiongmao03/1000/index.m3u8?msisdn=202610090803007676fdea2fd645bbb984266c6d5d0362&mdspid=&spid=699004&netType=0&sid=2200200738&pid=2028597139&timestamp=20261009080300&Channel_ID=0116_2600000900-99000-201600010010027&ProgramID=608934619&ParentNodeID=-99&assertID=2200200738&client_ip=171.8.79.254&SecurityKey=20261009080300&promotionId=&mvid=2200200738&mcid=500020&playurlVersion=WX-A1-9.9.2-SNAPSHOT&userid=&jmhm=&videocodec=h264&appCode=miguvideo_android&bean=mgspad&tid=android&conFee=0&encrypt=2a0f12c5f34763ca103664fdceff20a0
   速度: 7310.55KB/s | 数据量: 7.3KB | 总耗时: 0.01s | 阈值: 120KB/s
[2026-10-09 09:20:10] ✅ 通过阈值 HTTP测速: http://hlsztemgsplive.miguvideo.com:8080/envivo_x/2018/SD/xiongmao04/1000/index.m3u8?msisdn=202610090803002d01c632d5d84d66b4e66576a8b44b8b&mdspid=&spid=699004&netType=0&sid=2200200771&pid=2028597139&timestamp=20261009080300&Channel_ID=0116_2600000900-99000-201600010010027&ProgramID=608934721&ParentNodeID=-99&assertID=2200200771&client_ip=171.8.79.254&SecurityKey=20261009080300&promotionId=&mvid=2200200771&mcid=500020&playurlVersion=WX-A1-9.9.2-SNAPSHOT&userid=&jmhm=&videocodec=h264&appCode=miguvideo_android&bean=mgspad&tid=android&conFee=0&encrypt=64b694caa980f05fde7027cc5b4afb54
   速度: 7310.55KB/s | 数据量: 7.3KB | 总耗时: 0.01s | 阈值: 120KB/s
[2026-10-09 09:20:10] ✅ 通过阈值 HTTP测速: http://hlsztemgsplive.miguvideo.com:8080/envivo_x/2018/SD/xiongmao06/1000/index.m3u8?msisdn=2026100908030053a0a8764109464b90bef4a5de6586b1&mdspid=&spid=699004&netType=0&sid=2200200817&pid=2028597139&timestamp=20261009080300&Channel_ID=0116_2600000900-99000-201600010010027&ProgramID=608935797&ParentNodeID=-99&assertID=2200200817&client_ip=171.8.79.254&SecurityKey=20261009080300&promotionId=&mvid=2200200817&mcid=500020&playurlVersion=WX-A1-9.9.2-SNAPSHOT&userid=&jmhm=&videocodec=h264&appCode=miguvideo_android&bean=mgspad&tid=android&conFee=0&encrypt=62c96fbd80ef614aaad966f473fdd113
   速度: 7310.55KB/s | 数据量: 7.3KB | 总耗时: 0.01s | 阈值: 120KB/s
[2026-10-09 09:20:10] ✅ 通过阈值 HTTP测速: http://hlsztemgsplive.miguvideo.com:8080/envivo_x/2018/SD/xiongmao05/1000/index.m3u8?msisdn=20261009080300859e9c3e782d4eb399ea96176e49963a&mdspid=&spid=699004&netType=0&sid=2200200791&pid=2028597139&timestamp=20261009080300&Channel_ID=0116_2600000900-99000-201600010010027&ProgramID=608935104&ParentNodeID=-99&assertID=2200200791&client_ip=171.8.79.254&SecurityKey=20261009080300&promotionId=&mvid=2200200791&mcid=500020&playurlVersion=WX-A1-9.9.2-SNAPSHOT&userid=&jmhm=&videocodec=h264&appCode=miguvideo_android&bean=mgspad&tid=android&conFee=0&encrypt=c744932e36aa27dd1eb9e08e63651a12
   速度: 7310.55KB/s | 数据量: 7.3KB | 总耗时: 0.01s | 阈值: 120KB/s
[2026-10-09 09:20:10] ✅ 通过阈值 HTTP测速: http://hlsztemgsplive.miguvideo.com:8080/envivo_x/2018/SD/xiongmao07/1000/index.m3u8?msisdn=20261009080301684d76c2f8da42a9acc1c6e6878d2357&mdspid=&spid=699004&netType=0&sid=2200192831&pid=2028597139&timestamp=20261009080301&Channel_ID=0116_2600000900-99000-201600010010027&ProgramID=609169286&ParentNodeID=-99&assertID=2200192831&client_ip=171.8.79.254&SecurityKey=20261009080301&promotionId=&mvid=2200192831&mcid=500020&playurlVersion=WX-A1-9.9.2-SNAPSHOT&userid=&jmhm=&videocodec=h264&appCode=miguvideo_android&bean=mgspad&tid=android&conFee=0&encrypt=524b6cca6b698c88042ca0563811a387
   速度: 7310.55KB/s | 数据量: 7.3KB | 总耗时: 0.01s | 阈值: 120KB/s
[2026-10-09 09:20:10] ✅ 通过阈值 HTTP测速: http://hlsztemgsplive.miguvideo.com:8080/envivo_x/2018/SD/xiongmao08/1000/index.m3u8?msisdn=20261009080301829fc8ac058742c685e828fb1433bfdd&mdspid=&spid=699004&netType=0&sid=2200192881&pid=2028597139&timestamp=20261009080301&Channel_ID=0116_2600000900-99000-201600010010027&ProgramID=609169287&ParentNodeID=-99&assertID=2200192881&client_ip=171.8.79.254&SecurityKey=20261009080301&promotionId=&mvid=2200192881&mcid=500020&playurlVersion=WX-A1-9.9.2-SNAPSHOT&userid=&jmhm=&videocodec=h264&appCode=miguvideo_android&bean=mgspad&tid=android&conFee=0&encrypt=a5cd003cab075e6e733773cafa199f3a
   速度: 7310.55KB/s | 数据量: 7.3KB | 总耗时: 0.01s | 阈值: 120KB/s
[2026-10-09 09:20:10] ✅ 通过阈值 HTTP测速: http://hlsztemgsplive.miguvideo.com:8080/envivo_x/2018/SD/xiongmao09/1000/index.m3u8?msisdn=202610090803015910010cf2854973aee0f4d8e5d4a873&mdspid=&spid=699004&netType=0&sid=2200192899&pid=2028597139&timestamp=20261009080301&Channel_ID=0116_2600000900-99000-201600010010027&ProgramID=609169226&ParentNodeID=-99&assertID=2200192899&client_ip=171.8.79.254&SecurityKey=20261009080301&promotionId=&mvid=2200192899&mcid=500020&playurlVersion=WX-A1-9.9.2-SNAPSHOT&userid=&jmhm=&videocodec=h264&appCode=miguvideo_android&bean=mgspad&tid=android&conFee=0&encrypt=47177c3f3d37bc9a36b7be60e78f12bf
   速度: 7310.55KB/s | 数据量: 7.3KB | 总耗时: 0.01s | 阈值: 120KB/s
[2026-10-09 09:20:10] ✅ 通过阈值 HTTP测速: http://hlsztemgsplive.miguvideo.com:8080/envivo_x/2018/SD/xiongmao10/1000/index.m3u8?msisdn=20261009080301425ffcfd4b2942b98a2d22064143c265&mdspid=&spid=699004&netType=0&sid=2200192937&pid=2028597139&timestamp=20261009080301&Channel_ID=0116_2600000900-99000-201600010010027&ProgramID=609169285&ParentNodeID=-99&assertID=2200192937&client_ip=171.8.79.254&SecurityKey=20261009080301&promotionId=&mvid=2200192937&mcid=500020&playurlVersion=WX-A1-9.9.2-SNAPSHOT&userid=&jmhm=&videocodec=h264&appCode=miguvideo_android&bean=mgspad&tid=android&conFee=0&encrypt=57cc40b07416be6347958918c8576e29
   速度: 7310.55KB/s | 数据量: 7.3KB | 总耗时: 0.01s | 阈值: 120KB/s
[2026-10-09 09:20:10] ✅ 通过阈值 HTTP测速: http://hlsztemgsplive.miguvideo.com:8080/wd_r3/cctv/zuiqiangzongyi/600/index.m3u8?msisdn=202610090803018aa64669a7e14b28bde0eb993ed59e78&mdspid=&spid=699004&netType=0&sid=5500315654&pid=2028597139&timestamp=20261009080301&Channel_ID=0116_2600000900-99000-201600010010027&ProgramID=629942228&ParentNodeID=-99&assertID=5500315654&client_ip=171.8.79.254&SecurityKey=20261009080301&promotionId=&mvid=5101034202&mcid=500020&playurlVersion=WX-A1-9.9.2-SNAPSHOT&userid=&jmhm=&videocodec=h264&appCode=miguvideo_android&bean=mgspad&tid=android&conFee=0&encrypt=570c09b70b87083b4e4c4b4625fc3308
   速度: 7310.55KB/s | 数据量: 7.3KB | 总耗时: 0.01s | 阈值: 120KB/s
[2026-10-09 09:20:10] ✅ 通过阈值 HTTP测速: http://hlsztemgsplive.miguvideo.com:8080/wd_r1/2018/nfmedia/jjkt/1000/index.m3u8?msisdn=2026100908030114648d4420954fdba5fd54a4c5c3f0d1&mdspid=&spid=699054&netType=0&sid=2206172388&pid=2028597139&timestamp=20261009080301&Channel_ID=0116_2600000900-99000-201600010010027&ProgramID=614952364&ParentNodeID=-99&assertID=2206172388&client_ip=171.8.79.254&SecurityKey=20261009080301&promotionId=&mvid=2206172388&mcid=500020&playurlVersion=WX-A1-9.9.2-SNAPSHOT&userid=&jmhm=&videocodec=h264&appCode=miguvideo_android&bean=mgspad&tid=android&conFee=0&encrypt=e7d7a8179eed652867a06fcef8380747
   速度: 7310.55KB/s | 数据量: 7.3KB | 总耗时: 0.01s | 阈值: 120KB/s
[2026-10-09 09:20:10] ✅ 通过阈值 HTTP测速: http://hlsztemgsplive.miguvideo.com:8080/wd_r3/cctv/jingdiandonghua/600/index.m3u8?msisdn=20261009080302255807b5791f41e8977b1ed525164cd6&mdspid=&spid=699004&netType=0&sid=5500315652&pid=2028597139&timestamp=20261009080302&Channel_ID=0116_2600000900-99000-201600010010027&ProgramID=629942219&ParentNodeID=-99&assertID=5500315652&client_ip=171.8.79.254&SecurityKey=20261009080302&promotionId=&mvid=5101034205&mcid=500020&playurlVersion=WX-A1-9.9.2-SNAPSHOT&userid=&jmhm=&videocodec=h264&appCode=miguvideo_android&bean=mgspad&tid=android&conFee=0&encrypt=8c966e61efd6bd90183f955881ffe833
   速度: 7310.55KB/s | 数据量: 7.3KB | 总耗时: 0.01s | 阈值: 120KB/s
[2026-10-09 09:20:10] ✅ 通过阈值 HTTP测速: http://hlsztemgsplive.miguvideo.com:8080/migu/virtuallive2/5900002409/50/20210706/index.m3u8?msisdn=20261009080302297392602f16410a95134b9a7c536e5b&mdspid=&spid=800033&netType=0&sid=5910019523&pid=2028597139&timestamp=20261009080302&Channel_ID=0116_2600000900-99000-201600010010027&ProgramID=713589837&ParentNodeID=-99&assertID=5910019523&client_ip=171.8.79.254&SecurityKey=20261009080302&promotionId=&mvid=5900002419&mcid=500020&playurlVersion=WX-A1-9.9.2-SNAPSHOT&userid=&jmhm=&videocodec=h264&appCode=miguvideo_android&bean=mgspad&tid=android&conFee=0&encrypt=bb3bbb508db6b99c6303fa7cb439dbca
   速度: 7310.55KB/s | 数据量: 7.3KB | 总耗时: 0.01s | 阈值: 120KB/s
[2026-10-09 09:20:10] ✅ 通过阈值 HTTP测速: http://hlsztemgsplive.miguvideo.com:8080/migu/kailu/zhtc/50/20251103/index.m3u8?msisdn=20261009080302dfb0d5ee9aee445ebc4703fb97c68af5&mdspid=&spid=600697&netType=0&sid=5910022295&pid=2028597139&timestamp=20261009080302&Channel_ID=0116_2600000900-99000-201600010010027&ProgramID=959986618&ParentNodeID=-99&assertID=5910022295&client_ip=171.8.79.254&SecurityKey=20261009080302&promotionId=&mvid=5900006771&mcid=500020&playurlVersion=WX-A1-9.9.2-SNAPSHOT&userid=&jmhm=&videocodec=h264&appCode=miguvideo_android&bean=mgspad&tid=android&conFee=0&encrypt=bd1be9d7a76fa1a2a611b7e69ad97330
   速度: 7310.55KB/s | 数据量: 7.3KB | 总耗时: 0.01s | 阈值: 120KB/s
[2026-10-09 09:20:10] ✅ 通过阈值 HTTP测速: http://hlsztemgsplive.miguvideo.com:8080/migu/kailu/hqly/50/20250915/index.m3u8?msisdn=2026100908030206503a4cb9884b9ba91762bbf4095cd4&mdspid=&spid=600697&netType=0&sid=5910022200&pid=2028597139&timestamp=20261009080302&Channel_ID=0116_2600000900-99000-201600010010027&ProgramID=958475356&ParentNodeID=-99&assertID=5910022200&client_ip=171.8.79.254&SecurityKey=20261009080302&promotionId=&mvid=5900006723&mcid=500020&playurlVersion=WX-A1-9.9.2-SNAPSHOT&userid=&jmhm=&videocodec=h264&appCode=miguvideo_android&bean=mgspad&tid=android&conFee=0&encrypt=4b6c731589f30e293ece74a9153b48c5
   速度: 7310.55KB/s | 数据量: 7.3KB | 总耗时: 0.01s | 阈值: 120KB/s
[2026-10-09 09:20:10] ✅ 通过阈值 HTTP测速: http://hlsztemgsplive.miguvideo.com:8080/migu/kailu/ydcmc/50/20251225/index.m3u8?msisdn=20261009080302a33a4c373d98499a8357fae4546140b6&mdspid=&spid=600697&netType=0&sid=5910022344&pid=2028597139&timestamp=20261009080302&Channel_ID=0116_2600000900-99000-201600010010027&ProgramID=961930369&ParentNodeID=-99&assertID=5910022344&client_ip=171.8.79.254&SecurityKey=20261009080302&promotionId=&mvid=5900006785&mcid=500020&playurlVersion=WX-A1-9.9.2-SNAPSHOT&userid=&jmhm=&videocodec=h264&appCode=miguvideo_android&bean=mgspad&tid=android&conFee=0&encrypt=330b5d516f46dc71a13fb5d1c83e708c
   速度: 7310.55KB/s | 数据量: 7.3KB | 总耗时: 0.01s | 阈值: 120KB/s
[2026-10-09 09:20:10] ✅ HTTPS测速成功: https://hwapi.yntv.net/ew265l/z1z6s5.m3u8
   速度: 265.62KB/s | 数据量: 0.3KB | 总耗时: 1.10s | 证书: 无效
[2026-10-09 09:20:10] ✅ 通过阈值 HTTP测速: http://rbmn-live.akamaized.net/hls/live/590964/BoRB-AT/master_6660.m3u8
   速度: 5136.72KB/s | 数据量: 5.1KB | 总耗时: 0.02s | 阈值: 120KB/s
[2026-10-09 09:20:10] ✅ HTTPS测速成功: https://epg.pw/stream/5f16dc7fc8aaaed3205516c63e4a8c24bca9dbba1181684244729cf574505b0e.m3u8
   速度: 124.02KB/s | 数据量: 0.1KB | 总耗时: 0.21s | 证书: 有效
[2026-10-09 09:20:10] 🚫 未达阈值 HTTP测速: http://122.152.202.33/s/81a8a44f/index.m3u8?id=53
   速度: 0.00KB/s | 数据量: 0.0KB | 总耗时: 0.36s | 阈值: 120KB/s
[2026-10-09 09:20:10] ✅ 通过阈值 HTTP测速: http://107.150.60.122/live/chcjt.m3u8
   速度: 195.31KB/s | 数据量: 0.2KB | 总耗时: 0.21s | 阈值: 120KB/s
[2026-10-09 09:20:10] ✅ HTTPS测速成功: https://epg.pw/stream/8770e89223a086eb1b8a0c931e42296d772a8069ad3eb72540e0c434e7cb3e93.m3u8
   速度: 124.02KB/s | 数据量: 0.1KB | 总耗时: 0.35s | 证书: 有效
[2026-10-09 09:20:10] ✅ 通过阈值 HTTP测速: http://38.75.136.137:98/gslb/dsdqpub/chchd.m3u8?auth=testpub
   速度: 195.31KB/s | 数据量: 0.2KB | 总耗时: 0.12s | 阈值: 120KB/s
[2026-10-09 09:20:10] ✅ HTTPS测速成功: https://d1k6kax80wecy5.cloudfront.net/RLnAKY/index.m3u8
   速度: 237.30KB/s | 数据量: 0.2KB | 总耗时: 0.48s | 证书: 有效
[2026-10-09 09:20:10] ✅ 通过阈值 HTTP测速: http://222.169.85.8:9901/tsfile/live/0001_1.m3u8?key=txiptv&playlive=1&authid=0
   速度: 418.95KB/s | 数据量: 0.4KB | 总耗时: 4.28s | 阈值: 120KB/s
[2026-10-09 09:20:10] ✅ 通过阈值 HTTP测速: http://222.169.85.8:9901/tsfile/live/0003_1.m3u8?key=txiptv&playlive=1&authid=0
   速度: 418.95KB/s | 数据量: 0.4KB | 总耗时: 4.13s | 阈值: 120KB/s
[2026-10-09 09:20:11] ✅ 通过阈值 HTTP测速: http://222.169.85.8:9901/tsfile/live/0118_1.m3u8
   速度: 428.71KB/s | 数据量: 0.4KB | 总耗时: 2.46s | 阈值: 120KB/s
[2026-10-09 09:20:11] ✅ HTTPS测速成功: https://epg.pw/stream/6b49e3faa38adda85abab446f032dc1e686baa0760a9cfa66e2df8fd6fe3b445.m3u8
   速度: 124.02KB/s | 数据量: 0.1KB | 总耗时: 0.34s | 证书: 有效
[2026-10-09 09:20:11] ✅ 通过阈值 HTTP测速: http://live-hls-web-aja.getaj.net/AJA/02.m3u8
   速度: 375.98KB/s | 数据量: 0.4KB | 总耗时: 0.33s | 阈值: 120KB/s
[2026-10-09 09:20:11] ✅ 通过阈值 HTTP测速: http://38.75.136.137:98/gslb/dsdqpub/chcjt.m3u8?auth=testpub
   速度: 164.06KB/s | 数据量: 0.2KB | 总耗时: 0.69s | 阈值: 120KB/s
[2026-10-09 09:20:11] ✅ HTTPS测速成功: https://i.mjh.nz/SamsungTVPlus/GBBD1100012JB.m3u8
   速度: 142.58KB/s | 数据量: 0.1KB | 总耗时: 0.37s | 证书: 有效
[2026-10-09 09:20:11] 🚫 未达阈值 HTTP测速: http://222.128.55.152:9080/live/hy.m3u8
   速度: 0.42KB/s | 数据量: 0.1KB | 总耗时: 0.61s | 阈值: 120KB/s
[2026-10-09 09:20:11] ✅ HTTPS测速成功: https://cdn-4.pishow.tv/live/1473/master.m3u8
   速度: 152.34KB/s | 数据量: 0.2KB | 总耗时: 0.67s | 证书: 有效
[2026-10-09 09:20:11] ✅ 通过阈值 HTTP测速: http://198.204.228.26/live/chcjt.m3u8
   速度: 187.50KB/s | 数据量: 0.2KB | 总耗时: 0.81s | 阈值: 120KB/s
[2026-10-09 09:20:20] ✅ HTTPS测速成功: https://qmmqvzoz.live.sxmty.com/live/hls/f24f8a390c084386a564074c9260100c/be3fdf07606145739ab2c4b80fe0136a.m3u8?zshanxd
   速度: 834.96KB/s | 数据量: 0.8KB | 总耗时: 1.34s | 证书: 无效
